name,score,detail
name,score,detail
name,score,detail
name,score,detail
name,score,detail
name,score,detail
name,score,detail
name,score,detail
name,score,detail
name,score,detail
name,score,detail
name,score,detail
name,score,detail
name,score,detail
name,score,detail
name,score,detail
name,score,detail
name,score,detail
name,score,detail
name,score,detail
name,score,detail
name,score,detail
name,score,detail
name,score,detail
name,score,detail
name,score,detail
name,score,detail
name,score,detail
name,score,detail
name,score,detail
name,score,detail
name,score,detail
name,score,detail
name,score,detail
name,score,detail
name,score,detail
name,score,detail
name,score,detail
name,score,detail
name,score,detail
name,score,detail
name,score,detail
name,score,detail
name,score,detail
name,score,detail
name,score,detail
name,score,detail
name,score,detail
name,score,detail
name,score,detail
name,score,detail
name,score,detail
name,score,detail
name,score,detail
name,score,detail
name,score,detail
name,score,detail
name,score,detail
name,score,detail
name,score,detail
name,score,detail
name,score,detail
name,score,detail
name,score,detail
name,score,detail
name,score,detail
name,score,detail
name,score,detail
name,score,detail
name,score,detail
name,score,detail
name,score,detail
name,score,detail
name,score,detail
name,score,detail
name,score,detail
name,score,detail
name,score,detail
name,score,detail
name,score,detail
name,score,detail
name,score,detail
name,score,detail
name,score,detail
name,score,detail
name,score,detail
name,score,detail
name,score,detail
name,score,detail
name,score,detail
name,score,detail
name,score,detail
name,score,detail
name,score,detail
name,score,detail
name,score,detail
name,score,detail
name,score,detail
name,score,detail
name,score,detail
name,score,detail
name,score,detail
name,score,detail
