articleLink,entity,wikiLink
https://www.nbclosangeles.com/news/local/Ex-NASA-Contractor-Pleads-Guilty-in-LA-to-Computer-Stalking-497167521.html,Los Angeles,https://en.wikipedia.org/wiki/Los_Angeles
https://www.nbclosangeles.com/news/local/Ex-NASA-Contractor-Pleads-Guilty-in-LA-to-Computer-Stalking-497167521.html,NASA,https://en.wikipedia.org/wiki/NASA
https://www.vrfocus.com/2018/10/nasa-use-microsoft-hololens-for-assembling-new-spacecraft/,Lockheed Martin,https://en.wikipedia.org/wiki/Lockheed_Martin
http://www.newsnowgr.com/article/1200013/NASAs-Plan-To-Save-Earth-From-The-Yellowstone-Supervolcano.html,Yellowstone Caldera,https://en.wikipedia.org/wiki/Yellowstone_Caldera
http://www.newsnowgr.com/article/1200013/NASAs-Plan-To-Save-Earth-From-The-Yellowstone-Supervolcano.html,Earth,https://en.wikipedia.org/wiki/Earth
http://www.newsnowgr.com/article/1200013/NASAs-Plan-To-Save-Earth-From-The-Yellowstone-Supervolcano.html,NASA,https://en.wikipedia.org/wiki/NASA
https://www.cleveland.com/entertainment/index.ssf/2018/10/first_man_is_out_of_this_world.html,Neil Armstrong,https://en.wikipedia.org/wiki/Neil_Armstrong
https://www.cleveland.com/entertainment/index.ssf/2018/10/first_man_is_out_of_this_world.html,Apollo 11,https://en.wikipedia.org/wiki/Apollo_11
https://www.cleveland.com/entertainment/index.ssf/2018/10/first_man_is_out_of_this_world.html,First Man (film),https://en.wikipedia.org/wiki/First_Man_(film)
https://www.cleveland.com/entertainment/index.ssf/2018/10/first_man_is_out_of_this_world.html,NASA,https://en.wikipedia.org/wiki/NASA
http://www.parabolicarc.com/2018/10/12/report-nasa-expand-search-life-astrobiology-integral-part-missions/,"Washington, D.C.","https://en.wikipedia.org/wiki/Washington,_D.C."
http://www.parabolicarc.com/2018/10/12/report-nasa-expand-search-life-astrobiology-integral-part-missions/,NASA,https://en.wikipedia.org/wiki/NASA
http://www.clarksvilleonline.com/2018/10/12/nasa-astronaut-cosmonaut-safe-after-abort-during-launch-to-international-space-station/,"Washington, D.C.","https://en.wikipedia.org/wiki/Washington,_D.C."
http://www.clarksvilleonline.com/2018/10/12/nasa-astronaut-cosmonaut-safe-after-abort-during-launch-to-international-space-station/,Soyuz MS-10,https://en.wikipedia.org/wiki/Soyuz_MS-10
http://www.clarksvilleonline.com/2018/10/12/nasa-astronaut-cosmonaut-safe-after-abort-during-launch-to-international-space-station/,Nick Hague,https://en.wikipedia.org/wiki/Nick_Hague
http://www.clarksvilleonline.com/2018/10/12/nasa-astronaut-cosmonaut-safe-after-abort-during-launch-to-international-space-station/,Kazakhstan,https://en.wikipedia.org/wiki/Kazakhstan
http://www.clarksvilleonline.com/2018/10/12/nasa-astronaut-cosmonaut-safe-after-abort-during-launch-to-international-space-station/,United States,https://en.wikipedia.org/wiki/United_States
http://www.clarksvilleonline.com/2018/10/12/nasa-astronaut-cosmonaut-safe-after-abort-during-launch-to-international-space-station/,Baikonur Cosmodrome,https://en.wikipedia.org/wiki/Baikonur_Cosmodrome
http://www.clarksvilleonline.com/2018/10/12/nasa-astronaut-cosmonaut-safe-after-abort-during-launch-to-international-space-station/,Russia,https://en.wikipedia.org/wiki/Russia
https://www.autoevolution.com/news/watch-the-moment-the-soyuz-rocket-fails-129322.html,Roscosmos,https://en.wikipedia.org/wiki/Roscosmos
https://www.autoevolution.com/news/watch-the-moment-the-soyuz-rocket-fails-129322.html,Soyuz (spacecraft),https://en.wikipedia.org/wiki/Soyuz_(spacecraft)
https://www.autoevolution.com/news/watch-the-moment-the-soyuz-rocket-fails-129322.html,NASA,https://en.wikipedia.org/wiki/NASA
https://www.standardmedia.co.ke/article/2001298770/mudavadi-fights-raila-over-parliamentary-committees,Party leaders of the United States Senate,https://en.wikipedia.org/wiki/Party_leaders_of_the_United_States_Senate
https://www.standardmedia.co.ke/article/2001298770/mudavadi-fights-raila-over-parliamentary-committees,James Orengo,https://en.wikipedia.org/wiki/James_Orengo
https://www.standardmedia.co.ke/article/2001298770/mudavadi-fights-raila-over-parliamentary-committees,NASA,https://en.wikipedia.org/wiki/NASA
https://www.standardmedia.co.ke/article/2001298770/mudavadi-fights-raila-over-parliamentary-committees,Orange Democratic Movement,https://en.wikipedia.org/wiki/Orange_Democratic_Movement
https://www.sfgate.com/news/article/American-Russian-alive-after-Soyuz-rocket-headed-13298574.php,Soyuz MS,https://en.wikipedia.org/wiki/Soyuz_MS
https://www.sfgate.com/news/article/American-Russian-alive-after-Soyuz-rocket-headed-13298574.php,United States,https://en.wikipedia.org/wiki/United_States
https://www.sfgate.com/news/article/American-Russian-alive-after-Soyuz-rocket-headed-13298574.php,NASA,https://en.wikipedia.org/wiki/NASA
https://sports.yahoo.com/nasa-hataoka-fires-7-under-65-lead-south-073410939--golf.html,Incheon,https://en.wikipedia.org/wiki/Incheon
https://sports.yahoo.com/nasa-hataoka-fires-7-under-65-lead-south-073410939--golf.html,Hana Financial Group,https://en.wikipedia.org/wiki/Hana_Financial_Group
https://sports.yahoo.com/nasa-hataoka-fires-7-under-65-lead-south-073410939--golf.html,Japan,https://en.wikipedia.org/wiki/Japan
https://sports.yahoo.com/nasa-hataoka-fires-7-under-65-lead-south-073410939--golf.html,Associated Press,https://en.wikipedia.org/wiki/Associated_Press
https://www.technology.org/2018/10/12/nasa-celebrates-the-50th-anniversary-of-apollo-7/,Apollo program,https://en.wikipedia.org/wiki/Apollo_program
https://www.technology.org/2018/10/12/nasa-celebrates-the-50th-anniversary-of-apollo-7/,Apollo 7,https://en.wikipedia.org/wiki/Apollo_7
https://www.technology.org/2018/10/12/nasa-celebrates-the-50th-anniversary-of-apollo-7/,October 11,https://en.wikipedia.org/wiki/October_11
https://www.technology.org/2018/10/12/nasa-celebrates-the-50th-anniversary-of-apollo-7/,NASA,https://en.wikipedia.org/wiki/NASA
http://www.dailyadvance.com/Lifestyles/2018/10/12/NASA-engineer-US-wasn-t-first-to-moon-by-much.html,NASA,https://en.wikipedia.org/wiki/NASA
http://www.dailyadvance.com/Lifestyles/2018/10/12/NASA-engineer-US-wasn-t-first-to-moon-by-much.html,Cinema of the United States,https://en.wikipedia.org/wiki/Cinema_of_the_United_States
http://www.dailyadvance.com/Lifestyles/2018/10/12/NASA-engineer-US-wasn-t-first-to-moon-by-much.html,Soviet Union,https://en.wikipedia.org/wiki/Soviet_Union
http://www.dailyadvance.com/Lifestyles/2018/10/12/NASA-engineer-US-wasn-t-first-to-moon-by-much.html,First Man (film),https://en.wikipedia.org/wiki/First_Man_(film)
http://www.staradvertiser.com/2018/10/11/nyt/first-man-an-intimate-character-study-of-astronaut-neil-armstrong/,NASA,https://en.wikipedia.org/wiki/NASA
https://www.syfy.com/syfywire/voyager-2-may-soon-break-into-interstellar-space,Voyager 1,https://en.wikipedia.org/wiki/Voyager_1
https://www.syfy.com/syfywire/voyager-2-may-soon-break-into-interstellar-space,Voyager 2,https://en.wikipedia.org/wiki/Voyager_2
https://www.syfy.com/syfywire/voyager-2-may-soon-break-into-interstellar-space,NASA,https://en.wikipedia.org/wiki/NASA
https://www.upi.com/Top_News/US/2018/10/11/Ex-NASA-contractor-pleads-guilty-to-hacking-womens-accounts-to-get-nude-photos/9341539309576/,October 11,https://en.wikipedia.org/wiki/October_11
https://www.upi.com/Top_News/US/2018/10/11/Ex-NASA-contractor-pleads-guilty-to-hacking-womens-accounts-to-get-nude-photos/9341539309576/,NASA,https://en.wikipedia.org/wiki/NASA
https://www.upi.com/Top_News/US/2018/10/11/Ex-NASA-contractor-pleads-guilty-to-hacking-womens-accounts-to-get-nude-photos/9341539309576/,United Press International,https://en.wikipedia.org/wiki/United_Press_International
https://www.usatoday.com/videos/tech/science/2018/10/11/watch-nasas-trippy-simulation-pulsars-chaotic-surroundings/38125067/,USA Today,https://en.wikipedia.org/wiki/USA_Today
https://www.usatoday.com/videos/tech/science/2018/10/11/watch-nasas-trippy-simulation-pulsars-chaotic-surroundings/38125067/,NASA,https://en.wikipedia.org/wiki/NASA
https://www.usatoday.com/videos/tech/science/2018/10/11/watch-nasas-trippy-simulation-pulsars-chaotic-surroundings/38125067/,Autodesk Softimage,https://en.wikipedia.org/wiki/Autodesk_Softimage
http://www.latimes.com/local/lanow/la-me-ln-nasa-hacking-20181011-story.html,Richard Gregory,https://en.wikipedia.org/wiki/Richard_Gregory
http://www.latimes.com/local/lanow/la-me-ln-nasa-hacking-20181011-story.html,United States Attorney,https://en.wikipedia.org/wiki/United_States_Attorney
http://www.latimes.com/local/lanow/la-me-ln-nasa-hacking-20181011-story.html,Facebook,https://en.wikipedia.org/wiki/Facebook
https://newsline.com/2018/10/11/betty-grissom-astronaut-wife-who-sued-nasa-partner-dies-at-91/,Kennedy Space Center,https://en.wikipedia.org/wiki/Kennedy_Space_Center
https://newsline.com/2018/10/11/betty-grissom-astronaut-wife-who-sued-nasa-partner-dies-at-91/,Gus Grissom,https://en.wikipedia.org/wiki/Gus_Grissom
https://newsline.com/2018/10/11/betty-grissom-astronaut-wife-who-sued-nasa-partner-dies-at-91/,Florida,https://en.wikipedia.org/wiki/Florida
http://www.wmra.org/post/booster-soyuz-rocket-malfunctions-trip-space-delayed,NASA,https://en.wikipedia.org/wiki/NASA
https://denver.cbslocal.com/2018/10/11/soyuz-mission-aborted-astronaut-cosmonaut-survive-emergency-landing/,Jim Bridenstine,https://en.wikipedia.org/wiki/Jim_Bridenstine
https://denver.cbslocal.com/2018/10/11/soyuz-mission-aborted-astronaut-cosmonaut-survive-emergency-landing/,Nick Hague,https://en.wikipedia.org/wiki/Nick_Hague
https://denver.cbslocal.com/2018/10/11/soyuz-mission-aborted-astronaut-cosmonaut-survive-emergency-landing/,Russia,https://en.wikipedia.org/wiki/Russia
https://denver.cbslocal.com/2018/10/11/soyuz-mission-aborted-astronaut-cosmonaut-survive-emergency-landing/,NASA,https://en.wikipedia.org/wiki/NASA
https://denver.cbslocal.com/2018/10/11/soyuz-mission-aborted-astronaut-cosmonaut-survive-emergency-landing/,CNN,https://en.wikipedia.org/wiki/CNN
http://fairydetox.org/2018/10/12/nasa-astronaut-russian-cosmonaut-make-emergency-landing-on.html,Roscosmos,https://en.wikipedia.org/wiki/Roscosmos
http://fairydetox.org/2018/10/12/nasa-astronaut-russian-cosmonaut-make-emergency-landing-on.html,United States,https://en.wikipedia.org/wiki/United_States
http://fairydetox.org/2018/10/12/nasa-astronaut-russian-cosmonaut-make-emergency-landing-on.html,Soyuz MS,https://en.wikipedia.org/wiki/Soyuz_MS
http://fairydetox.org/2018/10/12/nasa-astronaut-russian-cosmonaut-make-emergency-landing-on.html,Germany,https://en.wikipedia.org/wiki/Germany
http://opticxllyaroused.com/2018/10/12/space-crew-survives-plunge-to-earth-after-russian-rocket.html,International Space Station,https://en.wikipedia.org/wiki/International_Space_Station
http://opticxllyaroused.com/2018/10/12/space-crew-survives-plunge-to-earth-after-russian-rocket.html,Soviet Union,https://en.wikipedia.org/wiki/Soviet_Union
http://opticxllyaroused.com/2018/10/12/space-crew-survives-plunge-to-earth-after-russian-rocket.html,United States,https://en.wikipedia.org/wiki/United_States
http://opticxllyaroused.com/2018/10/12/space-crew-survives-plunge-to-earth-after-russian-rocket.html,NASA,https://en.wikipedia.org/wiki/NASA
http://thefootballexaminer.com/2018/10/12/after-emergency-landing-nasa-says-2-astronauts-are-in-good/,International Space Station,https://en.wikipedia.org/wiki/International_Space_Station
http://thefootballexaminer.com/2018/10/12/after-emergency-landing-nasa-says-2-astronauts-are-in-good/,Nick Hague,https://en.wikipedia.org/wiki/Nick_Hague
http://thefootballexaminer.com/2018/10/12/after-emergency-landing-nasa-says-2-astronauts-are-in-good/,Kazakhstan,https://en.wikipedia.org/wiki/Kazakhstan
http://thefootballexaminer.com/2018/10/12/after-emergency-landing-nasa-says-2-astronauts-are-in-good/,Roscosmos,https://en.wikipedia.org/wiki/Roscosmos
http://thefootballexaminer.com/2018/10/12/after-emergency-landing-nasa-says-2-astronauts-are-in-good/,NASA,https://en.wikipedia.org/wiki/NASA
http://thefootballexaminer.com/2018/10/12/after-emergency-landing-nasa-says-2-astronauts-are-in-good/,United States,https://en.wikipedia.org/wiki/United_States
https://finance.yahoo.com/video/soyuz-failure-very-rare-former-222326854.html,Soyuz (spacecraft),https://en.wikipedia.org/wiki/Soyuz_(spacecraft)
https://finance.yahoo.com/video/soyuz-failure-very-rare-former-222326854.html,Charles Bolden,https://en.wikipedia.org/wiki/Charles_Bolden
https://finance.yahoo.com/video/soyuz-failure-very-rare-former-222326854.html,Roscosmos,https://en.wikipedia.org/wiki/Roscosmos
https://finance.yahoo.com/video/soyuz-failure-very-rare-former-222326854.html,October 11,https://en.wikipedia.org/wiki/October_11
https://finance.yahoo.com/video/soyuz-failure-very-rare-former-222326854.html,NASA,https://en.wikipedia.org/wiki/NASA
http://infoplasticsurgeryworld.com/2018/10/soyuz-space-crew-makes-emergency-landing-after-terrifying/,List of Administrators and Deputy Administrators of NASA,https://en.wikipedia.org/wiki/List_of_Administrators_and_Deputy_Administrators_of_NASA
http://infoplasticsurgeryworld.com/2018/10/soyuz-space-crew-makes-emergency-landing-after-terrifying/,Jim Bridenstine,https://en.wikipedia.org/wiki/Jim_Bridenstine
http://infoplasticsurgeryworld.com/2018/10/soyuz-space-crew-makes-emergency-landing-after-terrifying/,NASA,https://en.wikipedia.org/wiki/NASA
https://mars.nasa.gov/news/8364/update-on-opportunity-rover-after-martian-dust-storm/,Opportunity (rover),https://en.wikipedia.org/wiki/Opportunity_(rover)
https://mars.nasa.gov/news/8364/update-on-opportunity-rover-after-martian-dust-storm/,NASA,https://en.wikipedia.org/wiki/NASA
https://www.yahoo.com/news/latest-us-russia-astronauts-making-emergency-landing-091014609.html,International Space Station,https://en.wikipedia.org/wiki/International_Space_Station
https://www.yahoo.com/news/latest-us-russia-astronauts-making-emergency-landing-091014609.html,Kazakhstan,https://en.wikipedia.org/wiki/Kazakhstan
https://www.yahoo.com/news/latest-us-russia-astronauts-making-emergency-landing-091014609.html,Baikonur Cosmodrome,https://en.wikipedia.org/wiki/Baikonur_Cosmodrome
https://www.yahoo.com/news/latest-us-russia-astronauts-making-emergency-landing-091014609.html,Russia,https://en.wikipedia.org/wiki/Russia
https://www.yahoo.com/news/latest-us-russia-astronauts-making-emergency-landing-091014609.html,NASA,https://en.wikipedia.org/wiki/NASA
https://www.yahoo.com/news/latest-us-russia-astronauts-making-emergency-landing-091014609.html,Associated Press,https://en.wikipedia.org/wiki/Associated_Press
http://news.trust.org/item/20181011102044-me9v1/,Soyuz (spacecraft),https://en.wikipedia.org/wiki/Soyuz_(spacecraft)
http://news.trust.org/item/20181011102044-me9v1/,Nick Hague,https://en.wikipedia.org/wiki/Nick_Hague
http://news.trust.org/item/20181011102044-me9v1/,Reuters,https://en.wikipedia.org/wiki/Reuters
http://news.trust.org/item/20181011102044-me9v1/,Soviet Union,https://en.wikipedia.org/wiki/Soviet_Union
http://news.trust.org/item/20181011102044-me9v1/,Almaty,https://en.wikipedia.org/wiki/Almaty
http://news.trust.org/item/20181011102044-me9v1/,United States,https://en.wikipedia.org/wiki/United_States
http://news.trust.org/item/20181011102044-me9v1/,NASA,https://en.wikipedia.org/wiki/NASA
http://news.trust.org/item/20181011094540-t15vh/,Soyuz (spacecraft),https://en.wikipedia.org/wiki/Soyuz_(spacecraft)
http://news.trust.org/item/20181011094540-t15vh/,Nick Hague,https://en.wikipedia.org/wiki/Nick_Hague
http://news.trust.org/item/20181011094540-t15vh/,Reuters,https://en.wikipedia.org/wiki/Reuters
http://news.trust.org/item/20181011094540-t15vh/,Russia,https://en.wikipedia.org/wiki/Russia
http://news.trust.org/item/20181011094540-t15vh/,United States,https://en.wikipedia.org/wiki/United_States
https://mynasadata.larc.nasa.gov/atmosphere/stem-career-connections,"Science, technology, engineering, and mathematics","https://en.wikipedia.org/wiki/Science,_technology,_engineering,_and_mathematics"
https://mynasadata.larc.nasa.gov/atmosphere/stem-career-connections,Earth,https://en.wikipedia.org/wiki/Earth
https://mynasadata.larc.nasa.gov/atmosphere/stem-career-connections,NASA,https://en.wikipedia.org/wiki/NASA
https://mynasadata.larc.nasa.gov/basic-page/about-website,NASA,https://en.wikipedia.org/wiki/NASA
http://spacecoastdaily.com/2018/10/this-day-in-history-nasa-launches-first-crewed-apollo-mission-50-years-ago/,John F. Kennedy,https://en.wikipedia.org/wiki/John_F._Kennedy
http://spacecoastdaily.com/2018/10/this-day-in-history-nasa-launches-first-crewed-apollo-mission-50-years-ago/,Wally Schirra,https://en.wikipedia.org/wiki/Wally_Schirra
http://spacecoastdaily.com/2018/10/this-day-in-history-nasa-launches-first-crewed-apollo-mission-50-years-ago/,October 11,https://en.wikipedia.org/wiki/October_11
http://spacecoastdaily.com/2018/10/this-day-in-history-nasa-launches-first-crewed-apollo-mission-50-years-ago/,Donn F. Eisele,https://en.wikipedia.org/wiki/Donn_F._Eisele
http://spacecoastdaily.com/2018/10/this-day-in-history-nasa-launches-first-crewed-apollo-mission-50-years-ago/,Apollo 7,https://en.wikipedia.org/wiki/Apollo_7
http://spacecoastdaily.com/2018/10/this-day-in-history-nasa-launches-first-crewed-apollo-mission-50-years-ago/,Apollo program,https://en.wikipedia.org/wiki/Apollo_program
http://spacecoastdaily.com/2018/10/this-day-in-history-nasa-launches-first-crewed-apollo-mission-50-years-ago/,NASA,https://en.wikipedia.org/wiki/NASA
https://www.marketwatch.com/story/russian-rocket-launch-failure-could-hinder-future-us-space-missions-2018-10-11?siteid=bigcharts&dist=bigcharts,Baikonur Cosmodrome,https://en.wikipedia.org/wiki/Baikonur_Cosmodrome
https://www.marketwatch.com/story/russian-rocket-launch-failure-could-hinder-future-us-space-missions-2018-10-11?siteid=bigcharts&dist=bigcharts,Kazakhstan,https://en.wikipedia.org/wiki/Kazakhstan
https://www.marketwatch.com/story/russian-rocket-launch-failure-could-hinder-future-us-space-missions-2018-10-11?siteid=bigcharts&dist=bigcharts,Nick Hague,https://en.wikipedia.org/wiki/Nick_Hague
https://www.marketwatch.com/story/russian-rocket-launch-failure-could-hinder-future-us-space-missions-2018-10-11?siteid=bigcharts&dist=bigcharts,Soviet Union,https://en.wikipedia.org/wiki/Soviet_Union
https://www.marketwatch.com/story/russian-rocket-launch-failure-could-hinder-future-us-space-missions-2018-10-11?siteid=bigcharts&dist=bigcharts,Soyuz (spacecraft),https://en.wikipedia.org/wiki/Soyuz_(spacecraft)
https://www.marketwatch.com/story/russian-rocket-launch-failure-could-hinder-future-us-space-missions-2018-10-11?siteid=bigcharts&dist=bigcharts,NASA,https://en.wikipedia.org/wiki/NASA
https://ktla.com/2018/10/11/l-a-man-who-contracted-with-nasa-pleads-guilty-to-hacking-womens-online-accounts-threatening-them-to-obtain-nude-photos/,Los Angeles,https://en.wikipedia.org/wiki/Los_Angeles
https://ktla.com/2018/10/11/l-a-man-who-contracted-with-nasa-pleads-guilty-to-hacking-womens-online-accounts-threatening-them-to-obtain-nude-photos/,NASA,https://en.wikipedia.org/wiki/NASA
https://www.redsharknews.com/technology/item/5861-nasa-reboots-hubble-into-safe-mode,Hubble Space Telescope,https://en.wikipedia.org/wiki/Hubble_Space_Telescope
https://www.redsharknews.com/technology/item/5861-nasa-reboots-hubble-into-safe-mode,NASA,https://en.wikipedia.org/wiki/NASA
https://www.msn.com/en-us/news/technology/rocket-launch-failure-can-spell-disruptions-for-nasas-missions/ar-BBOecMI,The American Astronaut,https://en.wikipedia.org/wiki/The_American_Astronaut
https://www.msn.com/en-us/news/technology/rocket-launch-failure-can-spell-disruptions-for-nasas-missions/ar-BBOecMI,Soviet Union,https://en.wikipedia.org/wiki/Soviet_Union
https://www.msn.com/en-us/news/technology/rocket-launch-failure-can-spell-disruptions-for-nasas-missions/ar-BBOecMI,Soyuz (spacecraft),https://en.wikipedia.org/wiki/Soyuz_(spacecraft)
https://www.msn.com/en-us/news/technology/rocket-launch-failure-can-spell-disruptions-for-nasas-missions/ar-BBOecMI,United States,https://en.wikipedia.org/wiki/United_States
https://www.eham.net/articles/42056,International Space Station,https://en.wikipedia.org/wiki/International_Space_Station
https://www.eham.net/articles/42056,Serena M. Auñón-Chancellor,https://en.wikipedia.org/wiki/Serena_M._Auñón-Chancellor
https://www.eham.net/articles/42056,United States,https://en.wikipedia.org/wiki/United_States
https://www.eham.net/articles/42056,NASA,https://en.wikipedia.org/wiki/NASA
https://www.eham.net/articles/42056,Physician,https://en.wikipedia.org/wiki/Physician
https://www.eham.net/articles/42056,Hertz,https://en.wikipedia.org/wiki/Hertz
http://cybersecuritycaucus.com/2018/10/nasa-desperately-trying-to-rescue-hubble-space-telescope/,Hubble Space Telescope,https://en.wikipedia.org/wiki/Hubble_Space_Telescope
http://cybersecuritycaucus.com/2018/10/nasa-desperately-trying-to-rescue-hubble-space-telescope/,NASA,https://en.wikipedia.org/wiki/NASA
http://aviationweek.com/space/nasa-impact-soyuz-launch-abort-iss-unclear,Nick Hague,https://en.wikipedia.org/wiki/Nick_Hague
http://aviationweek.com/space/nasa-impact-soyuz-launch-abort-iss-unclear,Soyuz MS,https://en.wikipedia.org/wiki/Soyuz_MS
http://aviationweek.com/space/nasa-impact-soyuz-launch-abort-iss-unclear,Soviet Union,https://en.wikipedia.org/wiki/Soviet_Union
http://aviationweek.com/space/nasa-impact-soyuz-launch-abort-iss-unclear,NASA,https://en.wikipedia.org/wiki/NASA
https://www.usatoday.com/videos/tech/science/2018/10/11/space-station-could-go-crewless-after-soyuz-launch-failure/38127627/,International Space Station,https://en.wikipedia.org/wiki/International_Space_Station
https://www.usatoday.com/videos/tech/science/2018/10/11/space-station-could-go-crewless-after-soyuz-launch-failure/38127627/,Roscosmos,https://en.wikipedia.org/wiki/Roscosmos
https://www.usatoday.com/videos/tech/science/2018/10/11/space-station-could-go-crewless-after-soyuz-launch-failure/38127627/,Soyuz (spacecraft),https://en.wikipedia.org/wiki/Soyuz_(spacecraft)
https://www.usatoday.com/videos/tech/science/2018/10/11/space-station-could-go-crewless-after-soyuz-launch-failure/38127627/,NASA,https://en.wikipedia.org/wiki/NASA
https://www.chron.com/news/crime/article/Ex-NASA-contractor-pleads-guilty-in-cyberstalking-13300614.php,Los Angeles,https://en.wikipedia.org/wiki/Los_Angeles
https://www.chron.com/news/crime/article/Ex-NASA-contractor-pleads-guilty-in-cyberstalking-13300614.php,NASA,https://en.wikipedia.org/wiki/NASA
https://www.chron.com/news/crime/article/Ex-NASA-contractor-pleads-guilty-in-cyberstalking-13300614.php,Associated Press,https://en.wikipedia.org/wiki/Associated_Press
http://234vibesnews.com/2018/10/12/hubble-space-telescope-malfunction-won-t-last-long-nasa-says.html,Hubble Space Telescope,https://en.wikipedia.org/wiki/Hubble_Space_Telescope
http://uspolitics24.com/2018/10/12/nasa-engineers-working-to-fix-hubble-after-gyroscope-failure.html,Hubble Space Telescope,https://en.wikipedia.org/wiki/Hubble_Space_Telescope
http://babescapes.gallery/2018/10/12/nasa-s-hubble-space-telescope-put-in-standby-due-to/,NASA,https://en.wikipedia.org/wiki/NASA
http://babescapes.gallery/2018/10/12/nasa-s-hubble-space-telescope-put-in-standby-due-to/,October 5,https://en.wikipedia.org/wiki/October_5
http://babescapes.gallery/2018/10/12/nasa-s-hubble-space-telescope-put-in-standby-due-to/,Hubble Space Telescope,https://en.wikipedia.org/wiki/Hubble_Space_Telescope
http://www.communitynewspapergroup.com/waverly_newspapers/first-walk-on-the-moon/article_4035dfda-cd63-11e8-898c-7b4ab7287cd6.html,NASA,https://en.wikipedia.org/wiki/NASA
http://fairydetox.org/2018/10/11/iss-crew-in-good-condition-after-failed-space-launch.html,International Space Station,https://en.wikipedia.org/wiki/International_Space_Station
http://fairydetox.org/2018/10/11/iss-crew-in-good-condition-after-failed-space-launch.html,Nick Hague,https://en.wikipedia.org/wiki/Nick_Hague
http://fairydetox.org/2018/10/11/iss-crew-in-good-condition-after-failed-space-launch.html,United States,https://en.wikipedia.org/wiki/United_States
http://fairydetox.org/2018/10/11/iss-crew-in-good-condition-after-failed-space-launch.html,Soviet Union,https://en.wikipedia.org/wiki/Soviet_Union
http://fairydetox.org/2018/10/11/iss-crew-in-good-condition-after-failed-space-launch.html,NASA,https://en.wikipedia.org/wiki/NASA
https://www.duluthnewstribune.com/news/world/4512211-american-russian-alive-after-soyuz-rocket-headed-space-station-fails-launch,NASA,https://en.wikipedia.org/wiki/NASA
https://www.businessinsider.com/nasa-boeing-space-launch-system-audit-reveals-delays-cost-2018-10,Space Launch System,https://en.wikipedia.org/wiki/Space_Launch_System
https://www.businessinsider.com/nasa-boeing-space-launch-system-audit-reveals-delays-cost-2018-10,United States,https://en.wikipedia.org/wiki/United_States
https://www.businessinsider.com/nasa-boeing-space-launch-system-audit-reveals-delays-cost-2018-10,NASA,https://en.wikipedia.org/wiki/NASA
https://www.businessinsider.com/nasa-boeing-space-launch-system-audit-reveals-delays-cost-2018-10,Mars,https://en.wikipedia.org/wiki/Mars
https://www.jpl.nasa.gov/video/details.php?id=1550,Jet Propulsion Laboratory,https://en.wikipedia.org/wiki/Jet_Propulsion_Laboratory
https://www.jpl.nasa.gov/video/details.php?id=1550,Microsoft,https://en.wikipedia.org/wiki/Microsoft
https://www.jpl.nasa.gov/video/details.php?id=1550,Microsoft HoloLens,https://en.wikipedia.org/wiki/Microsoft_HoloLens
https://www.jpl.nasa.gov/video/details.php?id=1550,Mars,https://en.wikipedia.org/wiki/Mars
https://www.jpl.nasa.gov/video/details.php?id=1550,NASA,https://en.wikipedia.org/wiki/NASA
https://medcitynews.com/2018/10/nasa-clinical-decision-support-space/,International Space Station,https://en.wikipedia.org/wiki/International_Space_Station
https://medcitynews.com/2018/10/nasa-clinical-decision-support-space/,Wolters Kluwer,https://en.wikipedia.org/wiki/Wolters_Kluwer
https://medcitynews.com/2018/10/nasa-clinical-decision-support-space/,UpToDate,https://en.wikipedia.org/wiki/UpToDate
https://medcitynews.com/2018/10/nasa-clinical-decision-support-space/,NASA,https://en.wikipedia.org/wiki/NASA
http://iphonefresh.com/2018/10/11/heres-what-todays-soyuz-launch-failure-means-for-space.html,Soyuz (spacecraft),https://en.wikipedia.org/wiki/Soyuz_(spacecraft)
http://iphonefresh.com/2018/10/11/heres-what-todays-soyuz-launch-failure-means-for-space.html,NASA,https://en.wikipedia.org/wiki/NASA
http://iphonefresh.com/2018/10/11/heres-what-todays-soyuz-launch-failure-means-for-space.html,Eastern Time Zone,https://en.wikipedia.org/wiki/Eastern_Time_Zone
https://www.redding.com/story/news/nation-now/2018/10/11/nasa-crew-great-shape-following-emergency-landing/1601859002/,International Space Station,https://en.wikipedia.org/wiki/International_Space_Station
https://www.redding.com/story/news/nation-now/2018/10/11/nasa-crew-great-shape-following-emergency-landing/1601859002/,United States,https://en.wikipedia.org/wiki/United_States
https://www.redding.com/story/news/nation-now/2018/10/11/nasa-crew-great-shape-following-emergency-landing/1601859002/,Soviet Union,https://en.wikipedia.org/wiki/Soviet_Union
http://spacecoastdaily.com/2018/10/nasa-astronaut-nick-hague-russian-cosmonaut-alexey-ovchinin-in-good-condition-after-booster-failure/,The American Astronaut,https://en.wikipedia.org/wiki/The_American_Astronaut
http://spacecoastdaily.com/2018/10/nasa-astronaut-nick-hague-russian-cosmonaut-alexey-ovchinin-in-good-condition-after-booster-failure/,Nick Hague,https://en.wikipedia.org/wiki/Nick_Hague
http://spacecoastdaily.com/2018/10/nasa-astronaut-nick-hague-russian-cosmonaut-alexey-ovchinin-in-good-condition-after-booster-failure/,Soviet Union,https://en.wikipedia.org/wiki/Soviet_Union
http://spacecoastdaily.com/2018/10/nasa-astronaut-nick-hague-russian-cosmonaut-alexey-ovchinin-in-good-condition-after-booster-failure/,Earth,https://en.wikipedia.org/wiki/Earth
http://spacecoastdaily.com/2018/10/nasa-astronaut-nick-hague-russian-cosmonaut-alexey-ovchinin-in-good-condition-after-booster-failure/,NASA,https://en.wikipedia.org/wiki/NASA
https://www.yahoo.com/news/good-news-buried-thursday-apos-165236948.html,Low Earth orbit,https://en.wikipedia.org/wiki/Low_Earth_orbit
https://www.yahoo.com/news/good-news-buried-thursday-apos-165236948.html,Soviet Union,https://en.wikipedia.org/wiki/Soviet_Union
https://www.yahoo.com/news/good-news-buried-thursday-apos-165236948.html,NASA,https://en.wikipedia.org/wiki/NASA
https://www.businessinsider.com/russian-soyuz-rocket-emergency-astronaut-crew-safe-space-station-plan-2018-10,Soyuz (rocket family),https://en.wikipedia.org/wiki/Soyuz_(rocket_family)
https://www.businessinsider.com/russian-soyuz-rocket-emergency-astronaut-crew-safe-space-station-plan-2018-10,Roscosmos,https://en.wikipedia.org/wiki/Roscosmos
https://www.businessinsider.com/russian-soyuz-rocket-emergency-astronaut-crew-safe-space-station-plan-2018-10,NASA,https://en.wikipedia.org/wiki/NASA
https://blogs.nasa.gov/earthexpeditions/2018/10/11/students-traverse-land-air-and-water-in-canada-with-nasas-above/,Northwest Territories,https://en.wikipedia.org/wiki/Northwest_Territories
https://blogs.nasa.gov/earthexpeditions/2018/10/11/students-traverse-land-air-and-water-in-canada-with-nasas-above/,Great Bear Lake,https://en.wikipedia.org/wiki/Great_Bear_Lake
https://blogs.nasa.gov/earthexpeditions/2018/10/11/students-traverse-land-air-and-water-in-canada-with-nasas-above/,Yellowknife,https://en.wikipedia.org/wiki/Yellowknife
https://blogs.nasa.gov/earthexpeditions/2018/10/11/students-traverse-land-air-and-water-in-canada-with-nasas-above/,Sahtu Region,https://en.wikipedia.org/wiki/Sahtu_Region
https://blogs.nasa.gov/earthexpeditions/2018/10/11/students-traverse-land-air-and-water-in-canada-with-nasas-above/,Canada,https://en.wikipedia.org/wiki/Canada
https://blogs.nasa.gov/earthexpeditions/2018/10/11/students-traverse-land-air-and-water-in-canada-with-nasas-above/,Deline,https://en.wikipedia.org/wiki/Deline
https://thewesterner.blogspot.com/2018/10/is-nasa-planning-to-geoengineer.html,Yellowstone National Park,https://en.wikipedia.org/wiki/Yellowstone_National_Park
https://thewesterner.blogspot.com/2018/10/is-nasa-planning-to-geoengineer.html,NASA,https://en.wikipedia.org/wiki/NASA
https://boingboing.net/2018/10/11/video-fifty-years-ago-today-w.html,Apollo 7,https://en.wikipedia.org/wiki/Apollo_7
https://boingboing.net/2018/10/11/video-fifty-years-ago-today-w.html,Apollo program,https://en.wikipedia.org/wiki/Apollo_program
https://boingboing.net/2018/10/11/video-fifty-years-ago-today-w.html,NASA,https://en.wikipedia.org/wiki/NASA
https://www.enn.com/articles/55739-nasa-finds-wind-shear-weakening-tropical-storm-nadine,Atlantic Ocean,https://en.wikipedia.org/wiki/Atlantic_Ocean
https://www.enn.com/articles/55739-nasa-finds-wind-shear-weakening-tropical-storm-nadine,Hurricane Nadine (disambiguation),https://en.wikipedia.org/wiki/Hurricane_Nadine_(disambiguation)
https://www.enn.com/articles/55739-nasa-finds-wind-shear-weakening-tropical-storm-nadine,Wind shear,https://en.wikipedia.org/wiki/Wind_shear
https://www.enn.com/articles/55739-nasa-finds-wind-shear-weakening-tropical-storm-nadine,Suomi NPP,https://en.wikipedia.org/wiki/Suomi_NPP
https://www.enn.com/articles/55739-nasa-finds-wind-shear-weakening-tropical-storm-nadine,Hurricane Nadine,https://en.wikipedia.org/wiki/Hurricane_Nadine
https://www.enn.com/articles/55739-nasa-finds-wind-shear-weakening-tropical-storm-nadine,NASA,https://en.wikipedia.org/wiki/NASA
https://www.enn.com/articles/55739-nasa-finds-wind-shear-weakening-tropical-storm-nadine,National Oceanic and Atmospheric Administration,https://en.wikipedia.org/wiki/National_Oceanic_and_Atmospheric_Administration
https://spectrum.ieee.org/tech-talk/aerospace/space-flight/getting-back-to-the-space-station,NASA,https://en.wikipedia.org/wiki/NASA
http://thefucomics.com/2018/10/soyuz-rocket-failure-what-went-wrong-and-what-happens-next/,NASA,https://en.wikipedia.org/wiki/NASA
http://thefucomics.com/2018/10/soyuz-rocket-failure-what-went-wrong-and-what-happens-next/,Soyuz (spacecraft),https://en.wikipedia.org/wiki/Soyuz_(spacecraft)
http://thefucomics.com/2018/10/soyuz-rocket-failure-what-went-wrong-and-what-happens-next/,Kazakhstan,https://en.wikipedia.org/wiki/Kazakhstan
http://thefucomics.com/2018/10/soyuz-rocket-failure-what-went-wrong-and-what-happens-next/,Twitter,https://en.wikipedia.org/wiki/Twitter
https://www.al.com/news/huntsville/index.ssf/2018/10/10_things_we_learned_about_nas.html,Space Launch System,https://en.wikipedia.org/wiki/Space_Launch_System
https://www.al.com/news/huntsville/index.ssf/2018/10/10_things_we_learned_about_nas.html,United States,https://en.wikipedia.org/wiki/United_States
https://www.al.com/news/huntsville/index.ssf/2018/10/10_things_we_learned_about_nas.html,NASA,https://en.wikipedia.org/wiki/NASA
http://www.awardsdaily.com/2018/10/11/interview-brian-darcy-says-working-on-first-man-with-damien-chazelle-was-a-crash-course-in-all-things-nasa/,13 Reasons Why,https://en.wikipedia.org/wiki/13_Reasons_Why
http://www.awardsdaily.com/2018/10/11/interview-brian-darcy-says-working-on-first-man-with-damien-chazelle-was-a-crash-course-in-all-things-nasa/,White House,https://en.wikipedia.org/wiki/White_House
http://www.awardsdaily.com/2018/10/11/interview-brian-darcy-says-working-on-first-man-with-damien-chazelle-was-a-crash-course-in-all-things-nasa/,Mark Felt,https://en.wikipedia.org/wiki/Mark_Felt
http://www.awardsdaily.com/2018/10/11/interview-brian-darcy-says-working-on-first-man-with-damien-chazelle-was-a-crash-course-in-all-things-nasa/,Netflix,https://en.wikipedia.org/wiki/Netflix
https://www.bloomberg.com/news/articles/2018-10-11/soyuz-rocket-failure-could-delay-u-s-space-program,Soyuz (spacecraft),https://en.wikipedia.org/wiki/Soyuz_(spacecraft)
https://www.bloomberg.com/news/articles/2018-10-11/soyuz-rocket-failure-could-delay-u-s-space-program,Soviet Union,https://en.wikipedia.org/wiki/Soviet_Union
https://www.bloomberg.com/news/articles/2018-10-11/soyuz-rocket-failure-could-delay-u-s-space-program,NASA,https://en.wikipedia.org/wiki/NASA
https://www.bloomberg.com/news/articles/2018-10-11/soyuz-rocket-failure-could-delay-u-s-space-program,International Space Station,https://en.wikipedia.org/wiki/International_Space_Station
https://www.newsoneplace.com/3383881809/space-stories-features-soyuz-astronaut-scientists-filmmakers,Soyuz (rocket family),https://en.wikipedia.org/wiki/Soyuz_(rocket_family)
https://www.newsoneplace.com/3383881809/space-stories-features-soyuz-astronaut-scientists-filmmakers,Soviet Union,https://en.wikipedia.org/wiki/Soviet_Union
https://www.newsoneplace.com/3383881809/space-stories-features-soyuz-astronaut-scientists-filmmakers,NASA,https://en.wikipedia.org/wiki/NASA
https://www.newsoneplace.com/3383881809/space-stories-features-soyuz-astronaut-scientists-filmmakers,CNET,https://en.wikipedia.org/wiki/CNET
https://www.newsoneplace.com/3383881809/space-stories-features-soyuz-astronaut-scientists-filmmakers,Greenwich Mean Time,https://en.wikipedia.org/wiki/Greenwich_Mean_Time
https://www.newsoneplace.com/3383881809/space-stories-features-soyuz-astronaut-scientists-filmmakers,AM broadcasting,https://en.wikipedia.org/wiki/AM_broadcasting
https://phys.org/news/2018-10-nasa-powerful-hurricane-sergio-temperature_1.html,Aqua (satellite),https://en.wikipedia.org/wiki/Aqua_(satellite)
https://phys.org/news/2018-10-nasa-powerful-hurricane-sergio-temperature_1.html,NASA,https://en.wikipedia.org/wiki/NASA
https://phys.org/news/2018-10-nasa-powerful-hurricane-sergio-temperature_1.html,Atmospheric infrared sounder,https://en.wikipedia.org/wiki/Atmospheric_infrared_sounder
https://phys.org/news/2018-10-nasa-powerful-hurricane-sergio-temperature_1.html,Eastern Time Zone,https://en.wikipedia.org/wiki/Eastern_Time_Zone
https://phys.org/news/2018-10-nasa-powerful-hurricane-sergio-temperature_1.html,Coordinated Universal Time,https://en.wikipedia.org/wiki/Coordinated_Universal_Time
https://phys.org/news/2018-10-nasa-tropical-cyclone-titli-landfall.html,Bay of Bengal,https://en.wikipedia.org/wiki/Bay_of_Bengal
https://phys.org/news/2018-10-nasa-tropical-cyclone-titli-landfall.html,Indian Ocean,https://en.wikipedia.org/wiki/Indian_Ocean
https://phys.org/news/2018-10-nasa-tropical-cyclone-titli-landfall.html,Suomi NPP,https://en.wikipedia.org/wiki/Suomi_NPP
https://phys.org/news/2018-10-nasa-tropical-cyclone-titli-landfall.html,National Oceanic and Atmospheric Administration,https://en.wikipedia.org/wiki/National_Oceanic_and_Atmospheric_Administration
https://phys.org/news/2018-10-nasa-tropical-cyclone-titli-landfall.html,NASA,https://en.wikipedia.org/wiki/NASA
http://science.sciencemag.org/content/362/6411/139.full,Mars rover,https://en.wikipedia.org/wiki/Mars_rover
http://science.sciencemag.org/content/362/6411/139.full,NASA,https://en.wikipedia.org/wiki/NASA
http://vestnikkavkaza.net/news/Russian-%E2%80%98commission%E2%80%99-will-investigate-rocket-failure-NASA.html,Soviet Union,https://en.wikipedia.org/wiki/Soviet_Union
http://vestnikkavkaza.net/news/Russian-%E2%80%98commission%E2%80%99-will-investigate-rocket-failure-NASA.html,NASA,https://en.wikipedia.org/wiki/NASA
https://www.space.com/42106-empty-space-station-possible-after-soyuz-failure.html,International Space Station,https://en.wikipedia.org/wiki/International_Space_Station
https://www.space.com/42106-empty-space-station-possible-after-soyuz-failure.html,NASA,https://en.wikipedia.org/wiki/NASA
https://www.universetoday.com/140216/soyuz-launch-carrying-two-astronauts-is-forced-to-abort-landing-safely-back-on-earth/,List of Administrators and Deputy Administrators of NASA,https://en.wikipedia.org/wiki/List_of_Administrators_and_Deputy_Administrators_of_NASA
https://www.universetoday.com/140216/soyuz-launch-carrying-two-astronauts-is-forced-to-abort-landing-safely-back-on-earth/,Search and rescue,https://en.wikipedia.org/wiki/Search_and_rescue
https://www.universetoday.com/140216/soyuz-launch-carrying-two-astronauts-is-forced-to-abort-landing-safely-back-on-earth/,Jim Bridenstine,https://en.wikipedia.org/wiki/Jim_Bridenstine
https://www.universetoday.com/140216/soyuz-launch-carrying-two-astronauts-is-forced-to-abort-landing-safely-back-on-earth/,NASA,https://en.wikipedia.org/wiki/NASA
http://opticxllyaroused.com/2018/10/11/nasa-staff-working-24-7-to-deal-with-hubble-space-telescope.html,Hubble Space Telescope,https://en.wikipedia.org/wiki/Hubble_Space_Telescope
https://www.stl.news/baikonur-kazakhstan-the-latest-nasa-exploring-flying-space-station-without-crew/187367/,International Space Station,https://en.wikipedia.org/wiki/International_Space_Station
https://www.stl.news/baikonur-kazakhstan-the-latest-nasa-exploring-flying-space-station-without-crew/187367/,Soviet Union,https://en.wikipedia.org/wiki/Soviet_Union
https://www.stl.news/baikonur-kazakhstan-the-latest-nasa-exploring-flying-space-station-without-crew/187367/,Johnson Space Center,https://en.wikipedia.org/wiki/Johnson_Space_Center
https://www.stl.news/baikonur-kazakhstan-the-latest-nasa-exploring-flying-space-station-without-crew/187367/,NASA,https://en.wikipedia.org/wiki/NASA
https://www.theverge.com/2018/10/11/17963872/nasa-international-space-station-soyuz-launch-failure,International Space Station,https://en.wikipedia.org/wiki/International_Space_Station
https://www.theverge.com/2018/10/11/17963872/nasa-international-space-station-soyuz-launch-failure,Soyuz (spacecraft),https://en.wikipedia.org/wiki/Soyuz_(spacecraft)
https://www.theverge.com/2018/10/11/17963872/nasa-international-space-station-soyuz-launch-failure,NASA,https://en.wikipedia.org/wiki/NASA
https://www.space.com/42101-soyuz-rocket-launch-failure-abort-landing-photos-expedition57.html,List of Administrators and Deputy Administrators of NASA,https://en.wikipedia.org/wiki/List_of_Administrators_and_Deputy_Administrators_of_NASA
https://www.space.com/42101-soyuz-rocket-launch-failure-abort-landing-photos-expedition57.html,Soyuz MS-10,https://en.wikipedia.org/wiki/Soyuz_MS-10
https://www.space.com/42101-soyuz-rocket-launch-failure-abort-landing-photos-expedition57.html,Nick Hague,https://en.wikipedia.org/wiki/Nick_Hague
https://www.space.com/42101-soyuz-rocket-launch-failure-abort-landing-photos-expedition57.html,September 26,https://en.wikipedia.org/wiki/September_26
https://www.space.com/42101-soyuz-rocket-launch-failure-abort-landing-photos-expedition57.html,Soviet Union,https://en.wikipedia.org/wiki/Soviet_Union
https://www.space.com/42101-soyuz-rocket-launch-failure-abort-landing-photos-expedition57.html,NASA,https://en.wikipedia.org/wiki/NASA
https://www.bizjournals.com/pittsburgh/news/2018/10/11/another-nasa-contract-with-astrobotic-could-mean.html,Astrobotic Technology,https://en.wikipedia.org/wiki/Astrobotic_Technology
https://www.bizjournals.com/pittsburgh/news/2018/10/11/another-nasa-contract-with-astrobotic-could-mean.html,NASA,https://en.wikipedia.org/wiki/NASA
https://readingeagle.com/money/article/enersys-puts-battery-on-nasa-sun-probe,Parker Solar Probe,https://en.wikipedia.org/wiki/Parker_Solar_Probe
https://readingeagle.com/money/article/enersys-puts-battery-on-nasa-sun-probe,United Kingdom,https://en.wikipedia.org/wiki/United_Kingdom
https://readingeagle.com/money/article/enersys-puts-battery-on-nasa-sun-probe,EnerSys,https://en.wikipedia.org/wiki/EnerSys
https://readingeagle.com/money/article/enersys-puts-battery-on-nasa-sun-probe,NASA,https://en.wikipedia.org/wiki/NASA
https://www.msn.com/en-us/news/technology/our-toehold-in-space-is-at-extreme-risk-russias-rocket-failure-leaves-nasa-astronauts-with-no-way-to-get-into-orbit/ar-BBOfuiB,Soyuz (rocket family),https://en.wikipedia.org/wiki/Soyuz_(rocket_family)
https://www.msn.com/en-us/news/technology/our-toehold-in-space-is-at-extreme-risk-russias-rocket-failure-leaves-nasa-astronauts-with-no-way-to-get-into-orbit/ar-BBOfuiB,Roscosmos,https://en.wikipedia.org/wiki/Roscosmos
https://www.msn.com/en-us/news/technology/our-toehold-in-space-is-at-extreme-risk-russias-rocket-failure-leaves-nasa-astronauts-with-no-way-to-get-into-orbit/ar-BBOfuiB,Russia,https://en.wikipedia.org/wiki/Russia
https://www.msn.com/en-us/news/technology/our-toehold-in-space-is-at-extreme-risk-russias-rocket-failure-leaves-nasa-astronauts-with-no-way-to-get-into-orbit/ar-BBOfuiB,Earth,https://en.wikipedia.org/wiki/Earth
https://www.msn.com/en-us/news/technology/our-toehold-in-space-is-at-extreme-risk-russias-rocket-failure-leaves-nasa-astronauts-with-no-way-to-get-into-orbit/ar-BBOfuiB,NASA,https://en.wikipedia.org/wiki/NASA
https://www.technologyreview.com/the-download/612260/astronauts-make-emergency-landing-on-way-to-iss-after-soyuz-rocket-malfunctions/,Soyuz (rocket family),https://en.wikipedia.org/wiki/Soyuz_(rocket_family)
https://www.technologyreview.com/the-download/612260/astronauts-make-emergency-landing-on-way-to-iss-after-soyuz-rocket-malfunctions/,Nick Hague,https://en.wikipedia.org/wiki/Nick_Hague
https://www.technologyreview.com/the-download/612260/astronauts-make-emergency-landing-on-way-to-iss-after-soyuz-rocket-malfunctions/,Roscosmos,https://en.wikipedia.org/wiki/Roscosmos
https://www.technologyreview.com/the-download/612260/astronauts-make-emergency-landing-on-way-to-iss-after-soyuz-rocket-malfunctions/,Earth,https://en.wikipedia.org/wiki/Earth
https://www.technologyreview.com/the-download/612260/astronauts-make-emergency-landing-on-way-to-iss-after-soyuz-rocket-malfunctions/,NASA,https://en.wikipedia.org/wiki/NASA
https://blogs.nasa.gov/hurricanes/2018/10/11/luban-north-indian-ocean-2018/,Arabian Sea,https://en.wikipedia.org/wiki/Arabian_Sea
https://blogs.nasa.gov/hurricanes/2018/10/11/luban-north-indian-ocean-2018/,Suomi NPP,https://en.wikipedia.org/wiki/Suomi_NPP
https://blogs.nasa.gov/hurricanes/2018/10/11/luban-north-indian-ocean-2018/,NASA,https://en.wikipedia.org/wiki/NASA
https://blogs.nasa.gov/hurricanes/2018/10/11/luban-north-indian-ocean-2018/,National Oceanic and Atmospheric Administration,https://en.wikipedia.org/wiki/National_Oceanic_and_Atmospheric_Administration
https://blogs.nasa.gov/hurricanes/2018/10/11/luban-north-indian-ocean-2018/,Oman,https://en.wikipedia.org/wiki/Oman
https://www.washingtonpost.com/business/technology/nasa-film-by-rory-kennedy-revisits-her-uncles-challenge/2018/10/11/5fccef56-cd85-11e8-ad0a-0e01efba3cc1_story.html,John F. Kennedy,https://en.wikipedia.org/wiki/John_F._Kennedy
https://www.washingtonpost.com/business/technology/nasa-film-by-rory-kennedy-revisits-her-uncles-challenge/2018/10/11/5fccef56-cd85-11e8-ad0a-0e01efba3cc1_story.html,Rory Kennedy,https://en.wikipedia.org/wiki/Rory_Kennedy
https://www.washingtonpost.com/business/technology/nasa-film-by-rory-kennedy-revisits-her-uncles-challenge/2018/10/11/5fccef56-cd85-11e8-ad0a-0e01efba3cc1_story.html,Film director,https://en.wikipedia.org/wiki/Film_director
https://www.washingtonpost.com/business/technology/nasa-film-by-rory-kennedy-revisits-her-uncles-challenge/2018/10/11/5fccef56-cd85-11e8-ad0a-0e01efba3cc1_story.html,NASA,https://en.wikipedia.org/wiki/NASA
https://svs.gsfc.nasa.gov/13069,Transiting Exoplanet Survey Satellite,https://en.wikipedia.org/wiki/Transiting_Exoplanet_Survey_Satellite
https://svs.gsfc.nasa.gov/13069,NASA,https://en.wikipedia.org/wiki/NASA
https://www.jpl.nasa.gov/news/news.php?feature=7223,Multi-angle imaging spectroradiometer,https://en.wikipedia.org/wiki/Multi-angle_imaging_spectroradiometer
https://www.jpl.nasa.gov/news/news.php?feature=7223,August 24,https://en.wikipedia.org/wiki/August_24
https://www.jpl.nasa.gov/news/news.php?feature=7223,NASA,https://en.wikipedia.org/wiki/NASA
https://www.jpl.nasa.gov/news/news.php?feature=7223,Hawaii,https://en.wikipedia.org/wiki/Hawaii
https://www.jpl.nasa.gov/news/news.php?feature=7223,Terra (satellite),https://en.wikipedia.org/wiki/Terra_(satellite)
https://www.jpl.nasa.gov/news/news.php?feature=7223,Aqua (satellite),https://en.wikipedia.org/wiki/Aqua_(satellite)
https://svs.gsfc.nasa.gov/12901,Nature (journal),https://en.wikipedia.org/wiki/Nature_(journal)
https://svs.gsfc.nasa.gov/12901,Magnetosphere,https://en.wikipedia.org/wiki/Magnetosphere
https://svs.gsfc.nasa.gov/12901,Earth,https://en.wikipedia.org/wiki/Earth
https://svs.gsfc.nasa.gov/12901,NASA,https://en.wikipedia.org/wiki/NASA
https://svs.gsfc.nasa.gov/12901,Magnetospheric Multiscale Mission,https://en.wikipedia.org/wiki/Magnetospheric_Multiscale_Mission
https://mars.nasa.gov/news/nasa-builds-its-next-mars-rover-mission/,Curiosity (rover),https://en.wikipedia.org/wiki/Curiosity_(rover)
https://mars.nasa.gov/news/nasa-builds-its-next-mars-rover-mission/,Red Planet (film),https://en.wikipedia.org/wiki/Red_Planet_(film)
https://mars.nasa.gov/news/nasa-builds-its-next-mars-rover-mission/,Mars rover,https://en.wikipedia.org/wiki/Mars_rover
https://mars.nasa.gov/news/nasa-builds-its-next-mars-rover-mission/,NASA,https://en.wikipedia.org/wiki/NASA
https://solarsystem.nasa.gov/news/13120/cassinis-final-images/,Cassini–Huygens,https://en.wikipedia.org/wiki/Cassini–Huygens
https://solarsystem.nasa.gov/news/13120/cassinis-final-images/,Titan (moon),https://en.wikipedia.org/wiki/Titan_(moon)
https://solarsystem.nasa.gov/news/13120/cassinis-final-images/,Saturn,https://en.wikipedia.org/wiki/Saturn
https://solarsystem.nasa.gov/news/13120/cassinis-final-images/,NASA,https://en.wikipedia.org/wiki/NASA
https://solarsystem.nasa.gov/resources/17792/impact-site-cassinis-final-image/,Cassini–Huygens,https://en.wikipedia.org/wiki/Cassini–Huygens
https://solarsystem.nasa.gov/resources/17792/impact-site-cassinis-final-image/,NASA,https://en.wikipedia.org/wiki/NASA
https://voyager.jpl.nasa.gov/news/details.php?article_id=52,National Air and Space Museum,https://en.wikipedia.org/wiki/National_Air_and_Space_Museum
https://voyager.jpl.nasa.gov/news/details.php?article_id=52,Voyager program,https://en.wikipedia.org/wiki/Voyager_program
https://voyager.jpl.nasa.gov/news/details.php?article_id=52,September 5,https://en.wikipedia.org/wiki/September_5
https://voyager.jpl.nasa.gov/news/details.php?article_id=52,NASA,https://en.wikipedia.org/wiki/NASA
https://voyager.jpl.nasa.gov/news/details.php?article_id=52,Pacific Time Zone,https://en.wikipedia.org/wiki/Pacific_Time_Zone
https://voyager.jpl.nasa.gov/news/details.php?article_id=52,Eastern Time Zone,https://en.wikipedia.org/wiki/Eastern_Time_Zone
https://www.c-span.org/video/?432590-1/nasa-tv-coverage-total-solar-eclipse,United States,https://en.wikipedia.org/wiki/United_States
https://www.c-span.org/video/?432590-1/nasa-tv-coverage-total-solar-eclipse,NASA TV,https://en.wikipedia.org/wiki/NASA_TV
https://www.giss.nasa.gov/research/news/20170118/,National Oceanic and Atmospheric Administration,https://en.wikipedia.org/wiki/National_Oceanic_and_Atmospheric_Administration
https://www.giss.nasa.gov/research/news/20170118/,Earth,https://en.wikipedia.org/wiki/Earth
https://www.giss.nasa.gov/research/news/20170118/,NASA,https://en.wikipedia.org/wiki/NASA
https://open.nasa.gov/blog/public-web-portal-nasa-research/,NASA,https://en.wikipedia.org/wiki/NASA
https://www.giss.nasa.gov/research/news/20160120/,National Oceanic and Atmospheric Administration,https://en.wikipedia.org/wiki/National_Oceanic_and_Atmospheric_Administration
https://www.giss.nasa.gov/research/news/20160120/,Earth,https://en.wikipedia.org/wiki/Earth
https://www.giss.nasa.gov/research/news/20160120/,NASA,https://en.wikipedia.org/wiki/NASA
https://earthobservatory.nasa.gov/Features/NASASeaLevel,United States,https://en.wikipedia.org/wiki/United_States
https://earthobservatory.nasa.gov/Features/NASASeaLevel,Sea level,https://en.wikipedia.org/wiki/Sea_level
https://www.nasa.gov/mission_pages/msl/news/msl20120927.html,Northwest Territories,https://en.wikipedia.org/wiki/Northwest_Territories
https://www.nasa.gov/mission_pages/msl/news/msl20120927.html,Curiosity (rover),https://en.wikipedia.org/wiki/Curiosity_(rover)
https://www.nasa.gov/mission_pages/msl/news/msl20120927.html,Hottah Lake,https://en.wikipedia.org/wiki/Hottah_Lake
https://www.nasa.gov/mission_pages/msl/news/msl20120927.html,Jet Propulsion Laboratory,https://en.wikipedia.org/wiki/Jet_Propulsion_Laboratory
https://www.nasa.gov/mission_pages/msl/news/msl20120927.html,NASA,https://en.wikipedia.org/wiki/NASA
https://www.nasa.gov/mission_pages/msl/news/msl20120927.html,Hottah (Mars),https://en.wikipedia.org/wiki/Hottah_(Mars)
https://www.nasa.gov/mission_pages/msl/news/msl20120927.html,Canada,https://en.wikipedia.org/wiki/Canada
https://www.nasa.gov/mission_pages/msl/news/msl20120927.html,Mars,https://en.wikipedia.org/wiki/Mars
https://www.nasa.gov/connect/chat/moon_core_chat.html,Apollo Lunar Surface Experiments Package,https://en.wikipedia.org/wiki/Apollo_Lunar_Surface_Experiments_Package
https://www.nasa.gov/connect/chat/moon_core_chat.html,NASA,https://en.wikipedia.org/wiki/NASA
https://www.nasa.gov/connect/chat/moon_core_chat.html,Marshall Space Flight Center,https://en.wikipedia.org/wiki/Marshall_Space_Flight_Center
https://astrobiology.nasa.gov/about/,United States,https://en.wikipedia.org/wiki/United_States
https://eclipse.gsfc.nasa.gov/OH/OH2010.html,Indian Ocean,https://en.wikipedia.org/wiki/Indian_Ocean
https://eclipse.gsfc.nasa.gov/OH/OH2010.html,Central Africa,https://en.wikipedia.org/wiki/Central_Africa
https://eclipse.gsfc.nasa.gov/OH/OH2010.html,Sagittarius (astrology),https://en.wikipedia.org/wiki/Sagittarius_(astrology)
https://eclipse.gsfc.nasa.gov/OH/OH2010.html,Eclipse,https://en.wikipedia.org/wiki/Eclipse
https://eclipse.gsfc.nasa.gov/OH/OH2010.html,Moon,https://en.wikipedia.org/wiki/Moon
https://eclipse.gsfc.nasa.gov/OH/OH2010.html,Asia,https://en.wikipedia.org/wiki/Asia
https://spaceplace.nasa.gov/asteroid/en/,Jupiter,https://en.wikipedia.org/wiki/Jupiter
https://spaceplace.nasa.gov/asteroid/en/,Mars,https://en.wikipedia.org/wiki/Mars
https://www.sti.nasa.gov/disclaimers/,Federal government of the United States,https://en.wikipedia.org/wiki/Federal_government_of_the_United_States
https://www.sti.nasa.gov/disclaimers/,Disclaimer,https://en.wikipedia.org/wiki/Disclaimer
https://www.sti.nasa.gov/disclaimers/,NASA,https://en.wikipedia.org/wiki/NASA
