articleLink,phrase
https://www.i4u.com/2018/10/129678/israel-s-first-moon-mission-faces-delay,delay
https://www.i4u.com/2018/10/129678/israel-s-first-moon-mission-faces-delay,Israeli nonprofit organization SpaceIL
https://www.i4u.com/2018/10/129678/israel-s-first-moon-mission-faces-delay,American entrepreneur Elon Musk's SpaceX firm
https://www.i4u.com/2018/10/129678/israel-s-first-moon-mission-faces-delay,rocket
https://www.i4u.com/2018/10/129678/israel-s-first-moon-mission-faces-delay,launch
https://www.i4u.com/2018/10/129678/israel-s-first-moon-mission-faces-delay,SpaceX’s decision
https://www.i4u.com/2018/10/129678/israel-s-first-moon-mission-faces-delay,spacecraft
https://www.teslarati.com/spacex-airplane-like-falcon-9-reusability-goal-2018/,Vice President of Build
https://www.teslarati.com/spacex-airplane-like-falcon-9-reusability-goal-2018/,Flight Reliability Hans Koenigsmann
https://www.teslarati.com/spacex-airplane-like-falcon-9-reusability-goal-2018/,talk
https://www.teslarati.com/spacex-airplane-like-falcon-9-reusability-goal-2018/,Falcon
https://www.teslarati.com/spacex-airplane-like-falcon-9-reusability-goal-2018/,booster
https://www.teslarati.com/spacex-airplane-like-falcon-9-reusability-goal-2018/,month
https://www.teslarati.com/spacex-airplane-like-falcon-9-reusability-goal-2018/,impromptu IAC
https://www.teslarati.com/spacex-airplane-like-falcon-9-reusability-goal-2018/,triple reuse
https://www.teslarati.com/spacex-airplane-like-falcon-9-reusability-goal-2018/,year
http://redgreenandblue.org/2018/10/12/lets-look-securities-violations-tesla-teslas-enemies-tons-data/,time
http://redgreenandblue.org/2018/10/12/lets-look-securities-violations-tesla-teslas-enemies-tons-data/,South Australian virtual power plant of Tesla Powerpacks
http://redgreenandblue.org/2018/10/12/lets-look-securities-violations-tesla-teslas-enemies-tons-data/,photos
http://redgreenandblue.org/2018/10/12/lets-look-securities-violations-tesla-teslas-enemies-tons-data/,videos
http://redgreenandblue.org/2018/10/12/lets-look-securities-violations-tesla-teslas-enemies-tons-data/,latest SpaceX launch
http://redgreenandblue.org/2018/10/12/lets-look-securities-violations-tesla-teslas-enemies-tons-data/,stories
http://redgreenandblue.org/2018/10/12/lets-look-securities-violations-tesla-teslas-enemies-tons-data/,Model S
https://www.voanews.com/a/russia-space-agency-astronauts-will-likely-fly-in-spring/4610552.html,ferry astronauts
https://www.voanews.com/a/russia-space-agency-astronauts-will-likely-fly-in-spring/4610552.html,space station
https://www.voanews.com/a/russia-space-agency-astronauts-will-likely-fly-in-spring/4610552.html,Space Shuttle program
https://www.voanews.com/a/russia-space-agency-astronauts-will-likely-fly-in-spring/4610552.html,United States
https://www.voanews.com/a/russia-space-agency-astronauts-will-likely-fly-in-spring/4610552.html,Russian rockets
https://www.voanews.com/a/russia-space-agency-astronauts-will-likely-fly-in-spring/4610552.html,test flight
https://www.voanews.com/a/russia-space-agency-astronauts-will-likely-fly-in-spring/4610552.html,SpaceX commercial rocket
https://www.voanews.com/a/russia-space-agency-astronauts-will-likely-fly-in-spring/4610552.html,plans
https://www.voanews.com/a/russia-space-agency-astronauts-will-likely-fly-in-spring/4610552.html,agency
https://bowdoinorient.com/2018/10/12/grace-hopper-aims-to-inspire-women-in-technology/,tech company CEOs
https://bowdoinorient.com/2018/10/12/grace-hopper-aims-to-inspire-women-in-technology/,impact
https://bowdoinorient.com/2018/10/12/grace-hopper-aims-to-inspire-women-in-technology/,associate dean of technology strategy
https://bowdoinorient.com/2018/10/12/grace-hopper-aims-to-inspire-women-in-technology/,Justine Cassell
https://bowdoinorient.com/2018/10/12/grace-hopper-aims-to-inspire-women-in-technology/,Carnegie Mellon’s School of Computer Science
https://bowdoinorient.com/2018/10/12/grace-hopper-aims-to-inspire-women-in-technology/,SpaceX President Gwynne Shotwell
https://bowdoinorient.com/2018/10/12/grace-hopper-aims-to-inspire-women-in-technology/,year’s keynote speakers
https://bowdoinorient.com/2018/10/12/grace-hopper-aims-to-inspire-women-in-technology/,Toma
http://nhltradereport.com/2018/10/12/astronauts-make-emergency-landing-after-escaping.html,launch
http://nhltradereport.com/2018/10/12/astronauts-make-emergency-landing-after-escaping.html,site
http://nhltradereport.com/2018/10/12/astronauts-make-emergency-landing-after-escaping.html,NASA Administrator Jim Bridenstine
http://nhltradereport.com/2018/10/12/astronauts-make-emergency-landing-after-escaping.html,Baikonur Cosmodrome
http://nhltradereport.com/2018/10/12/astronauts-make-emergency-landing-after-escaping.html,Boeing
http://nhltradereport.com/2018/10/12/astronauts-make-emergency-landing-after-escaping.html,American companies SpaceX
http://nhltradereport.com/2018/10/12/astronauts-make-emergency-landing-after-escaping.html,Kazakhstan
http://nhltradereport.com/2018/10/12/astronauts-make-emergency-landing-after-escaping.html,crewed missions
http://nhltradereport.com/2018/10/12/astronauts-make-emergency-landing-after-escaping.html,hand
http://satnews.com/story.php?number=396940555,space station
http://satnews.com/story.php?number=396940555,new crew capsules
http://satnews.com/story.php?number=396940555,Boeing
http://satnews.com/story.php?number=396940555,year
http://satnews.com/story.php?number=396940555,Todd
http://satnews.com/story.php?number=396940555,SpaceX
http://satnews.com/story.php?number=396940555,major equipment failure
https://boingboing.net/2018/10/09/gorgeous-time-lapse-video-of-s.html,drum solo
https://boingboing.net/2018/10/09/gorgeous-time-lapse-video-of-s.html,Willy Wonka
https://boingboing.net/2018/10/09/gorgeous-time-lapse-video-of-s.html,climactic scene
https://boingboing.net/2018/10/09/gorgeous-time-lapse-video-of-s.html,game
https://boingboing.net/2018/10/09/gorgeous-time-lapse-video-of-s.html,saxophone accompaniment
https://boingboing.net/2018/10/09/gorgeous-time-lapse-video-of-s.html,Chocolate Factory
https://boingboing.net/2018/10/09/gorgeous-time-lapse-video-of-s.html,David Dockery
http://wisdomsave.com/2018/10/12/hurricane-michael-before-and-after-photos-capture-utter.html,Soyuz rocket
http://wisdomsave.com/2018/10/12/hurricane-michael-before-and-after-photos-capture-utter.html,SpaceX's rocket program
http://wisdomsave.com/2018/10/12/hurricane-michael-before-and-after-photos-capture-utter.html,Boeing's
http://wisdomsave.com/2018/10/12/hurricane-michael-before-and-after-photos-capture-utter.html,Russia
http://wisdomsave.com/2018/10/12/hurricane-michael-before-and-after-photos-capture-utter.html,criminal probe
http://wisdomsave.com/2018/10/12/hurricane-michael-before-and-after-photos-capture-utter.html,current net worth
http://wisdomsave.com/2018/10/12/hurricane-michael-before-and-after-photos-capture-utter.html,Forbes Billionaires list
http://wisdomsave.com/2018/10/12/hurricane-michael-before-and-after-photos-capture-utter.html,delays
http://wisdomsave.com/2018/10/12/hurricane-michael-before-and-after-photos-capture-utter.html,case
https://thekidshouldseethis.com/post/spacex-falcon-9-rocket-launch-time-lapse,time lapse view
https://thekidshouldseethis.com/post/spacex-falcon-9-rocket-launch-time-lapse,night time lapse of Comet Lovejoy
https://thekidshouldseethis.com/post/spacex-falcon-9-rocket-launch-time-lapse,cockpit
https://thekidshouldseethis.com/post/spacex-falcon-9-rocket-launch-time-lapse,shores of Palisades Reservoir
https://thekidshouldseethis.com/post/spacex-falcon-9-rocket-launch-time-lapse,Idaho
https://thekidshouldseethis.com/post/spacex-falcon-9-rocket-launch-time-lapse,MilkyWay
https://thekidshouldseethis.com/post/spacex-falcon-9-rocket-launch-time-lapse,SpaceX’s Falcon
https://thekidshouldseethis.com/post/spacex-falcon-9-rocket-launch-time-lapse,crashes
https://thekidshouldseethis.com/post/spacex-falcon-9-rocket-launch-time-lapse,FlightLapse
https://www.newsoneplace.com/3431761809/proposals-academy-trusts-revealed,PM GMT
https://www.newsoneplace.com/3431761809/proposals-academy-trusts-revealed,NHS trusts ditch waste contractor Healthcare Environmental Services Yorkshire Post
https://www.newsoneplace.com/3431761809/proposals-academy-trusts-revealed,SpaceX moon rocket
https://www.newsoneplace.com/3431761809/proposals-academy-trusts-revealed,Japanese tycoon
https://www.newsoneplace.com/3431761809/proposals-academy-trusts-revealed,Musk
http://currenthollywood.com/2018/10/the-last-spacex-falcon-9-launch-left-spectacular-lights-in/,spectacle of SpaceX landings
http://currenthollywood.com/2018/10/the-last-spacex-falcon-9-launch-left-spectacular-lights-in/,rocket launch
http://currenthollywood.com/2018/10/the-last-spacex-falcon-9-launch-left-spectacular-lights-in/,company's official Twitter account
http://currenthollywood.com/2018/10/the-last-spacex-falcon-9-launch-left-spectacular-lights-in/,Falcon
http://currenthollywood.com/2018/10/the-last-spacex-falcon-9-launch-left-spectacular-lights-in/,video recap
http://currenthollywood.com/2018/10/the-last-spacex-falcon-9-launch-left-spectacular-lights-in/,ample time
http://currenthollywood.com/2018/10/the-last-spacex-falcon-9-launch-left-spectacular-lights-in/,warning
http://currenthollywood.com/2018/10/the-last-spacex-falcon-9-launch-left-spectacular-lights-in/,Floridians
http://currenthollywood.com/2018/10/the-last-spacex-falcon-9-launch-left-spectacular-lights-in/,Air Force
https://newsline.com/2018/10/12/cu-expert-talks-about-close-call-in-space/,edge of space
https://newsline.com/2018/10/12/cu-expert-talks-about-close-call-in-space/,innovation advisor
https://newsline.com/2018/10/12/cu-expert-talks-about-close-call-in-space/,President Barack Obama
https://newsline.com/2018/10/12/cu-expert-talks-about-close-call-in-space/,SpaceX
https://newsline.com/2018/10/12/cu-expert-talks-about-close-call-in-space/,rocket
https://newsline.com/2018/10/12/cu-expert-talks-about-close-call-in-space/,scientist
http://wisdomsave.com/2018/10/12/russia-launches-criminal-probe-after-soyuz-rocket-fails.html,Boeing's
http://wisdomsave.com/2018/10/12/russia-launches-criminal-probe-after-soyuz-rocket-fails.html,case
http://wisdomsave.com/2018/10/12/russia-launches-criminal-probe-after-soyuz-rocket-fails.html,SpaceX's rocket program
http://wisdomsave.com/2018/10/12/russia-launches-criminal-probe-after-soyuz-rocket-fails.html,help of controllers
http://wisdomsave.com/2018/10/12/russia-launches-criminal-probe-after-soyuz-rocket-fails.html,ground
http://wisdomsave.com/2018/10/12/russia-launches-criminal-probe-after-soyuz-rocket-fails.html,aerospace industry
http://wisdomsave.com/2018/10/12/russia-launches-criminal-probe-after-soyuz-rocket-fails.html,delays
http://wisdomsave.com/2018/10/12/russia-launches-criminal-probe-after-soyuz-rocket-fails.html,critical systems
https://brightsblog.wordpress.com/2018/10/12/so-can-we-terraform-mars-or-not/,lead designer of SpaceX
https://brightsblog.wordpress.com/2018/10/12/so-can-we-terraform-mars-or-not/,CEO
https://brightsblog.wordpress.com/2018/10/12/so-can-we-terraform-mars-or-not/,Musk
https://brightsblog.wordpress.com/2018/10/12/so-can-we-terraform-mars-or-not/,red planet
https://brightsblog.wordpress.com/2018/10/12/so-can-we-terraform-mars-or-not/,life multiplanetary
https://brightsblog.wordpress.com/2018/10/12/so-can-we-terraform-mars-or-not/,Mars
https://brightsblog.wordpress.com/2018/10/12/so-can-we-terraform-mars-or-not/,Earth
http://cybersecuritycaucus.com/2018/10/we-finally-know-when-true-detective-season-3-will-air/,land landing
http://cybersecuritycaucus.com/2018/10/we-finally-know-when-true-detective-season-3-will-air/,SpaceX
http://cybersecuritycaucus.com/2018/10/we-finally-know-when-true-detective-season-3-will-air/,Sunday's successful landing
http://cybersecuritycaucus.com/2018/10/we-finally-know-when-true-detective-season-3-will-air/,end May's chances of securing free trade deals
http://cybersecuritycaucus.com/2018/10/we-finally-know-when-true-detective-season-3-will-air/,countries
http://cybersecuritycaucus.com/2018/10/we-finally-know-when-true-detective-season-3-will-air/,total boosters
http://cybersecuritycaucus.com/2018/10/we-finally-know-when-true-detective-season-3-will-air/,arrangement
http://cybersecuritycaucus.com/2018/10/we-finally-know-when-true-detective-season-3-will-air/,satellite
https://www.yahoo.com/news/no-more-taxi-space-station-soyuz-failure-044734267.html,Elon Musk's SpaceX
https://www.yahoo.com/news/no-more-taxi-space-station-soyuz-failure-044734267.html,American companies
https://www.yahoo.com/news/no-more-taxi-space-station-soyuz-failure-044734267.html,US space agency
https://www.yahoo.com/news/no-more-taxi-space-station-soyuz-failure-044734267.html,electric carmaker Tesla
https://www.yahoo.com/news/no-more-taxi-space-station-soyuz-failure-044734267.html,Boeing
https://www.yahoo.com/news/no-more-taxi-space-station-soyuz-failure-044734267.html,Falcon
https://www.yahoo.com/news/no-more-taxi-space-station-soyuz-failure-044734267.html,contract
https://www.yahoo.com/news/no-more-taxi-space-station-soyuz-failure-044734267.html,Russians
https://www.yahoo.com/news/no-more-taxi-space-station-soyuz-failure-044734267.html,rockets
https://www.dailybreeze.com/2018/10/11/this-is-how-thursdays-soyuz-aborted-launch-complicates-spacex-boeing-missions/,failed Soyuz rocket launch
https://www.dailybreeze.com/2018/10/11/this-is-how-thursdays-soyuz-aborted-launch-complicates-spacex-boeing-missions/,reasons
https://www.dailybreeze.com/2018/10/11/this-is-how-thursdays-soyuz-aborted-launch-complicates-spacex-boeing-missions/,International Space Station
https://www.dailybreeze.com/2018/10/11/this-is-how-thursdays-soyuz-aborted-launch-complicates-spacex-boeing-missions/,aborted mission
https://www.dailybreeze.com/2018/10/11/this-is-how-thursdays-soyuz-aborted-launch-complicates-spacex-boeing-missions/,flights
https://www.dailybreeze.com/2018/10/11/this-is-how-thursdays-soyuz-aborted-launch-complicates-spacex-boeing-missions/,SpaceX
https://www.dailybreeze.com/2018/10/11/this-is-how-thursdays-soyuz-aborted-launch-complicates-spacex-boeing-missions/,new questions
https://www.dailybreeze.com/2018/10/11/this-is-how-thursdays-soyuz-aborted-launch-complicates-spacex-boeing-missions/,Russian officials
https://abc7ny.com/science/us-russia-astronauts-safe-after-emergency-landing-/4459655/,arrival of SpaceX's Dragon
https://abc7ny.com/science/us-russia-astronauts-safe-after-emergency-landing-/4459655/,Boeing's Starliner crew capsules
https://abc7ny.com/science/us-russia-astronauts-safe-after-emergency-landing-/4459655/,Russian space program
https://abc7ny.com/science/us-russia-astronauts-safe-after-emergency-landing-/4459655/,coming years
https://abc7ny.com/science/us-russia-astronauts-safe-after-emergency-landing-/4459655/,manned launch
https://abc7ny.com/science/us-russia-astronauts-safe-after-emergency-landing-/4459655/,monopoly
https://abc7ny.com/science/us-russia-astronauts-safe-after-emergency-landing-/4459655/,time
https://www.sfgate.com/news/science/article/The-Latest-US-Russia-astronauts-making-13298477.php,commercial demo missions
https://www.sfgate.com/news/science/article/The-Latest-US-Russia-astronauts-making-13298477.php,Boeing
https://www.sfgate.com/news/science/article/The-Latest-US-Russia-astronauts-making-13298477.php,new crew capsules
https://www.sfgate.com/news/science/article/The-Latest-US-Russia-astronauts-making-13298477.php,arrival
https://www.sfgate.com/news/science/article/The-Latest-US-Russia-astronauts-making-13298477.php,safety reasons
https://www.sfgate.com/news/science/article/The-Latest-US-Russia-astronauts-making-13298477.php,SpaceX
https://www.sfgate.com/news/science/article/The-Latest-US-Russia-astronauts-making-13298477.php,year
https://www.sfgate.com/news/science/article/The-Latest-US-Russia-astronauts-making-13298477.php,board
https://www.sfgate.com/news/science/article/The-Latest-US-Russia-astronauts-making-13298477.php,asset
https://www.sltrib.com/news/nation-world/2018/10/11/astronauts-make-harrowing/,commercial spacecraft ready
https://www.sltrib.com/news/nation-world/2018/10/11/astronauts-make-harrowing/,Boeing
https://www.sltrib.com/news/nation-world/2018/10/11/astronauts-make-harrowing/,pressure
https://www.sltrib.com/news/nation-world/2018/10/11/astronauts-make-harrowing/,year
https://www.sltrib.com/news/nation-world/2018/10/11/astronauts-make-harrowing/,Thursday's dramatic developments
https://www.sltrib.com/news/nation-world/2018/10/11/astronauts-make-harrowing/,companies
https://www.sltrib.com/news/nation-world/2018/10/11/astronauts-make-harrowing/,SpaceX
https://www.sltrib.com/news/nation-world/2018/10/11/astronauts-make-harrowing/,delays
https://www.sltrib.com/news/nation-world/2018/10/11/astronauts-make-harrowing/,middle
http://cybersecuritycaucus.com/2018/10/spacex-launches-satellite-makes-1st-successful-on-land/,spectacle of SpaceX landings
http://cybersecuritycaucus.com/2018/10/spacex-launches-satellite-makes-1st-successful-on-land/,Falcon
http://cybersecuritycaucus.com/2018/10/spacex-launches-satellite-makes-1st-successful-on-land/,rocket
http://cybersecuritycaucus.com/2018/10/spacex-launches-satellite-makes-1st-successful-on-land/,ample time
http://cybersecuritycaucus.com/2018/10/spacex-launches-satellite-makes-1st-successful-on-land/,warning
http://cybersecuritycaucus.com/2018/10/spacex-launches-satellite-makes-1st-successful-on-land/,Floridians
http://cybersecuritycaucus.com/2018/10/spacex-launches-satellite-makes-1st-successful-on-land/,West Coast
http://cybersecuritycaucus.com/2018/10/spacex-launches-satellite-makes-1st-successful-on-land/,Air Force
http://cybersecuritycaucus.com/2018/10/spacex-launches-satellite-makes-1st-successful-on-land/,attempt
http://techkenyot.com/2018/10/12/factors-beyond-producers-control-are-impacting-oil-market/,company
http://techkenyot.com/2018/10/12/factors-beyond-producers-control-are-impacting-oil-market/,Florida's Cape Canaveral
http://techkenyot.com/2018/10/12/factors-beyond-producers-control-are-impacting-oil-market/,place
http://techkenyot.com/2018/10/12/factors-beyond-producers-control-are-impacting-oil-market/,Elon Musk
http://techkenyot.com/2018/10/12/factors-beyond-producers-control-are-impacting-oil-market/,offshore platforms
http://techkenyot.com/2018/10/12/factors-beyond-producers-control-are-impacting-oil-market/,landings
http://techkenyot.com/2018/10/12/factors-beyond-producers-control-are-impacting-oil-market/,SpaceX Rocket Launch
http://techkenyot.com/2018/10/12/factors-beyond-producers-control-are-impacting-oil-market/,Light
http://techkenyot.com/2018/10/12/factors-beyond-producers-control-are-impacting-oil-market/,Sky
http://techkenyot.com/2018/10/12/factors-beyond-producers-control-are-impacting-oil-market/,time
http://234vibesnews.com/2018/10/12/spacex-launch-watch-the-october-7-liftoff-and-landing.html,constellation
http://234vibesnews.com/2018/10/12/spacex-launch-watch-the-october-7-liftoff-and-landing.html,SAOCOM
http://234vibesnews.com/2018/10/12/spacex-launch-watch-the-october-7-liftoff-and-landing.html,Falcon
http://234vibesnews.com/2018/10/12/spacex-launch-watch-the-october-7-liftoff-and-landing.html,subsequent successful landing
http://234vibesnews.com/2018/10/12/spacex-launch-watch-the-october-7-liftoff-and-landing.html,soil moisture information
http://234vibesnews.com/2018/10/12/spacex-launch-watch-the-october-7-liftoff-and-landing.html,identical satellites
http://234vibesnews.com/2018/10/12/spacex-launch-watch-the-october-7-liftoff-and-landing.html,launch
http://234vibesnews.com/2018/10/12/spacex-launch-watch-the-october-7-liftoff-and-landing.html,event
http://234vibesnews.com/2018/10/12/spacex-launch-watch-the-october-7-liftoff-and-landing.html,time
http://234vibesnews.com/2018/10/12/spacex-launch-watch-the-october-7-liftoff-and-landing.html,mission
http://iphonefresh.com/2018/10/12/spacex-satellite-launch-lights-up-sky-social-media.html,ideal landing
http://iphonefresh.com/2018/10/12/spacex-satellite-launch-lights-up-sky-social-media.html,center of SpaceX's new landing pad
http://iphonefresh.com/2018/10/12/spacex-satellite-launch-lights-up-sky-social-media.html,Vandenberg Air Force Base
http://iphonefresh.com/2018/10/12/spacex-satellite-launch-lights-up-sky-social-media.html,stage booster
http://iphonefresh.com/2018/10/12/spacex-satellite-launch-lights-up-sky-social-media.html,famous Falcon
http://iphonefresh.com/2018/10/12/spacex-satellite-launch-lights-up-sky-social-media.html,rocket
http://iphonefresh.com/2018/10/12/spacex-satellite-launch-lights-up-sky-social-media.html,choreographed orbital gymnastics
http://iphonefresh.com/2018/10/12/spacex-satellite-launch-lights-up-sky-social-media.html,experts
http://iphonefresh.com/2018/10/12/spacex-satellite-launch-lights-up-sky-social-media.html,LZ
http://iphonefresh.com/2018/10/12/spacex-satellite-launch-lights-up-sky-social-media.html,time
http://androidevo.com/2018/10/12/spacex-falcon-9-rocket-carrying-argentinian-satellite-takes.html,used Falcon
http://androidevo.com/2018/10/12/spacex-falcon-9-rocket-carrying-argentinian-satellite-takes.html,new Falcon
http://androidevo.com/2018/10/12/spacex-falcon-9-rocket-carrying-argentinian-satellite-takes.html,launch
http://androidevo.com/2018/10/12/spacex-falcon-9-rocket-carrying-argentinian-satellite-takes.html,stage boosters
http://androidevo.com/2018/10/12/spacex-falcon-9-rocket-carrying-argentinian-satellite-takes.html,Elon Musk
http://androidevo.com/2018/10/12/spacex-falcon-9-rocket-carrying-argentinian-satellite-takes.html,experts
http://androidevo.com/2018/10/12/spacex-falcon-9-rocket-carrying-argentinian-satellite-takes.html,rocket
http://androidevo.com/2018/10/12/spacex-falcon-9-rocket-carrying-argentinian-satellite-takes.html,dollar price
http://androidevo.com/2018/10/12/spacex-falcon-9-rocket-carrying-argentinian-satellite-takes.html,choreographed orbital
http://androidevo.com/2018/10/12/spacex-falcon-9-rocket-carrying-argentinian-satellite-takes.html,company
http://androidevo.com/2018/10/12/spacex-falcon-9-rocket-carrying-argentinian-satellite-takes.html,discount
http://androidevo.com/2018/10/12/paul-pogba-reveals-two-areas-of-his-game-he-must-improve.html,SpaceX Falcon
http://androidevo.com/2018/10/12/paul-pogba-reveals-two-areas-of-his-game-he-must-improve.html,rocket
http://androidevo.com/2018/10/12/paul-pogba-reveals-two-areas-of-his-game-he-must-improve.html,Argentinian satellite
http://androidevo.com/2018/10/12/paul-pogba-reveals-two-areas-of-his-game-he-must-improve.html,vehicle
http://androidevo.com/2018/10/12/paul-pogba-reveals-two-areas-of-his-game-he-must-improve.html,tourist
http://androidevo.com/2018/10/12/paul-pogba-reveals-two-areas-of-his-game-he-must-improve.html,final evolution
http://androidevo.com/2018/10/12/paul-pogba-reveals-two-areas-of-his-game-he-must-improve.html,Moon
http://androidevo.com/2018/10/12/paul-pogba-reveals-two-areas-of-his-game-he-must-improve.html,pestilence
https://spacenews.com/air-force-funding-three-new-rockets-to-compete-with-spacex-but-only-intends-to-buy-launch-services-from-two-providers/,Northrop Grumman's OmegA rocket
https://spacenews.com/air-force-funding-three-new-rockets-to-compete-with-spacex-but-only-intends-to-buy-launch-services-from-two-providers/,Air Force funding
https://spacenews.com/air-force-funding-three-new-rockets-to-compete-with-spacex-but-only-intends-to-buy-launch-services-from-two-providers/,Launch Service Agreement program
https://spacenews.com/air-force-funding-three-new-rockets-to-compete-with-spacex-but-only-intends-to-buy-launch-services-from-two-providers/,vehicles
https://spacenews.com/air-force-funding-three-new-rockets-to-compete-with-spacex-but-only-intends-to-buy-launch-services-from-two-providers/,Credit
https://spacenews.com/air-force-funding-three-new-rockets-to-compete-with-spacex-but-only-intends-to-buy-launch-services-from-two-providers/,SpaceX
http://content-base.co/2018/10/12/mexico-beach-is-in-ruins-after-hurricane-michael-made/,rocket
http://content-base.co/2018/10/12/mexico-beach-is-in-ruins-after-hurricane-michael-made/,land Falcon
http://content-base.co/2018/10/12/mexico-beach-is-in-ruins-after-hurricane-michael-made/,Southern California Following stage separation
http://content-base.co/2018/10/12/mexico-beach-is-in-ruins-after-hurricane-michael-made/,state
http://content-base.co/2018/10/12/mexico-beach-is-in-ruins-after-hurricane-michael-made/,NFL's passing rules
http://content-base.co/2018/10/12/mexico-beach-is-in-ruins-after-hurricane-michael-made/,SpaceX
http://content-base.co/2018/10/12/mexico-beach-is-in-ruins-after-hurricane-michael-made/,Drew
http://content-base.co/2018/10/12/mexico-beach-is-in-ruins-after-hurricane-michael-made/,record
https://www.sgvtribune.com/2018/10/11/will-a-planned-metro-line-between-pasadena-and-north-hollywood-save-you-serious-commuting-time/,moon voyage
https://www.sgvtribune.com/2018/10/11/will-a-planned-metro-line-between-pasadena-and-north-hollywood-save-you-serious-commuting-time/,passenger
https://www.sgvtribune.com/2018/10/11/will-a-planned-metro-line-between-pasadena-and-north-hollywood-save-you-serious-commuting-time/,SpaceX’s BFR Los Angeles ranks
https://www.sgvtribune.com/2018/10/11/will-a-planned-metro-line-between-pasadena-and-north-hollywood-save-you-serious-commuting-time/,Elon Musk’s round
https://www.sgvtribune.com/2018/10/11/will-a-planned-metro-line-between-pasadena-and-north-hollywood-save-you-serious-commuting-time/,Japanese entrepreneur Yusaku Maezawa
https://www.sgvtribune.com/2018/10/11/will-a-planned-metro-line-between-pasadena-and-north-hollywood-save-you-serious-commuting-time/,traffic congestion
https://www.sgvtribune.com/2018/10/11/will-a-planned-metro-line-between-pasadena-and-north-hollywood-save-you-serious-commuting-time/,ease lengthy commutes
http://aviationweek.com/commercializing-space/spacex-loses-out-us-air-force-next-gen-launcher-development,space launch industry
http://aviationweek.com/commercializing-space/spacex-loses-out-us-air-force-next-gen-launcher-development,market disruptor SpaceX
http://aviationweek.com/commercializing-space/spacex-loses-out-us-air-force-next-gen-launcher-development,cut-rate pricing
http://aviationweek.com/commercializing-space/spacex-loses-out-us-air-force-next-gen-launcher-development,changing story
http://aviationweek.com/commercializing-space/spacex-loses-out-us-air-force-next-gen-launcher-development,innovative reusable technology
http://aviationweek.com/commercializing-space/spacex-loses-out-us-air-force-next-gen-launcher-development,ironic twist
http://aviationweek.com/commercializing-space/spacex-loses-out-us-air-force-next-gen-launcher-development,Air
http://www.malibutimes.com/news/article_72691abe-cd98-11e8-9e4e-6b4e11976953.html,launch
http://www.malibutimes.com/news/article_72691abe-cd98-11e8-9e4e-6b4e11976953.html,company
http://www.malibutimes.com/news/article_72691abe-cd98-11e8-9e4e-6b4e11976953.html,Falcon
http://www.malibutimes.com/news/article_72691abe-cd98-11e8-9e4e-6b4e11976953.html,VIP view of SpaceX’s rocket
http://www.malibutimes.com/news/article_72691abe-cd98-11e8-9e4e-6b4e11976953.html,event
http://www.malibutimes.com/news/article_72691abe-cd98-11e8-9e4e-6b4e11976953.html,landing
http://www.malibutimes.com/news/article_72691abe-cd98-11e8-9e4e-6b4e11976953.html,social media
http://www.malibutimes.com/news/article_72691abe-cd98-11e8-9e4e-6b4e11976953.html,Malibuites
http://www.malibutimes.com/news/article_72691abe-cd98-11e8-9e4e-6b4e11976953.html,evening
http://www.malibutimes.com/news/article_72691abe-cd98-11e8-9e4e-6b4e11976953.html,country
http://techkenyot.com/2018/10/12/that-light-in-the-sky-another-spacex-rocket-launch/,company
http://techkenyot.com/2018/10/12/that-light-in-the-sky-another-spacex-rocket-launch/,Muslim internment camps Communist Party
http://techkenyot.com/2018/10/12/that-light-in-the-sky-another-spacex-rocket-launch/,China's Xinjiang region
http://techkenyot.com/2018/10/12/that-light-in-the-sky-another-spacex-rocket-launch/,rocket
http://techkenyot.com/2018/10/12/that-light-in-the-sky-another-spacex-rocket-launch/,stage booster
http://techkenyot.com/2018/10/12/that-light-in-the-sky-another-spacex-rocket-launch/,California launch site
http://techkenyot.com/2018/10/12/that-light-in-the-sky-another-spacex-rocket-launch/,victory
http://techkenyot.com/2018/10/12/that-light-in-the-sky-another-spacex-rocket-launch/,live webcast
http://techkenyot.com/2018/10/12/that-light-in-the-sky-another-spacex-rocket-launch/,time
http://babescapes.gallery/2018/10/12/trey-songz-loses-his-mind-over-alien-looking-spacex/,company's achievement
http://babescapes.gallery/2018/10/12/trey-songz-loses-his-mind-over-alien-looking-spacex/,SpaceX CEO Elon Musk
http://babescapes.gallery/2018/10/12/trey-songz-loses-his-mind-over-alien-looking-spacex/,Comision Nacional
http://babescapes.gallery/2018/10/12/trey-songz-loses-his-mind-over-alien-looking-spacex/,Argentina's space agency
http://babescapes.gallery/2018/10/12/trey-songz-loses-his-mind-over-alien-looking-spacex/,booster stage
http://babescapes.gallery/2018/10/12/trey-songz-loses-his-mind-over-alien-looking-spacex/,launch
http://babescapes.gallery/2018/10/12/trey-songz-loses-his-mind-over-alien-looking-spacex/,landing
http://babescapes.gallery/2018/10/12/trey-songz-loses-his-mind-over-alien-looking-spacex/,Falcon
http://babescapes.gallery/2018/10/12/trey-songz-loses-his-mind-over-alien-looking-spacex/,minutes
https://finance.yahoo.com/news/china-win-ai-superpowers-war-us-just-2-years-ai-expert-182613807.html,SpaceX approach
https://finance.yahoo.com/news/china-win-ai-superpowers-war-us-just-2-years-ai-expert-182613807.html,China approach
https://finance.yahoo.com/news/china-win-ai-superpowers-war-us-just-2-years-ai-expert-182613807.html,Steve Jobs
https://finance.yahoo.com/news/china-win-ai-superpowers-war-us-just-2-years-ai-expert-182613807.html,AI superpower wars
https://www.wfdd.org/story/rocket-headed-international-space-station-fails-makes-emergency-landing,SpaceX
https://www.wfdd.org/story/rocket-headed-international-space-station-fails-makes-emergency-landing,commercial companies
https://www.wfdd.org/story/rocket-headed-international-space-station-fails-makes-emergency-landing,Boeing
https://www.wfdd.org/story/rocket-headed-international-space-station-fails-makes-emergency-landing,NASA TV commentator
https://www.wfdd.org/story/rocket-headed-international-space-station-fails-makes-emergency-landing,Mission Control Center
https://www.wfdd.org/story/rocket-headed-international-space-station-fails-makes-emergency-landing,contracts
https://www.wfdd.org/story/rocket-headed-international-space-station-fails-makes-emergency-landing,new vehicles
https://www.wfdd.org/story/rocket-headed-international-space-station-fails-makes-emergency-landing,astronauts
https://www.wfdd.org/story/rocket-headed-international-space-station-fails-makes-emergency-landing,agency
https://techcrunch.com/2018/10/11/astronauts-land-safely-after-soyuz-launch-fails-at-20-miles-up/,year
https://techcrunch.com/2018/10/11/astronauts-land-safely-after-soyuz-launch-fails-at-20-miles-up/,Soyuz issues
https://techcrunch.com/2018/10/11/astronauts-land-safely-after-soyuz-launch-fails-at-20-miles-up/,SpaceX
https://techcrunch.com/2018/10/11/astronauts-land-safely-after-soyuz-launch-fails-at-20-miles-up/,Boeing
https://techcrunch.com/2018/10/11/astronauts-land-safely-after-soyuz-launch-fails-at-20-miles-up/,crew capsules
https://techcrunch.com/2018/10/11/astronauts-land-safely-after-soyuz-launch-fails-at-20-miles-up/,time
https://arstechnica.com/science/2018/10/on-thursday-a-rocket-failed-three-humans-remain-on-the-iss-whats-next/,availability of SpaceX's Dragon
https://arstechnica.com/science/2018/10/on-thursday-a-rocket-failed-three-humans-remain-on-the-iss-whats-next/,Boeing's Starliner
https://arstechnica.com/science/2018/10/on-thursday-a-rocket-failed-three-humans-remain-on-the-iss-whats-next/,Todd
https://arstechnica.com/science/2018/10/on-thursday-a-rocket-failed-three-humans-remain-on-the-iss-whats-next/,commercial crew vehicles
https://arstechnica.com/science/2018/10/on-thursday-a-rocket-failed-three-humans-remain-on-the-iss-whats-next/,great mood
http://infositehub.com/2018/10/11/astronauts-safe-after-failed-rocket-launch-emergency-bail.html,coming years
http://infositehub.com/2018/10/11/astronauts-safe-after-failed-rocket-launch-emergency-bail.html,Russian rockets
http://infositehub.com/2018/10/11/astronauts-safe-after-failed-rocket-launch-emergency-bail.html,Russian Federation
http://infositehub.com/2018/10/11/astronauts-safe-after-failed-rocket-launch-emergency-bail.html,arrival of SpaceX's Dragon v2
http://infositehub.com/2018/10/11/astronauts-safe-after-failed-rocket-launch-emergency-bail.html,Boeing's Starliner crew capsules
http://infositehub.com/2018/10/11/astronauts-safe-after-failed-rocket-launch-emergency-bail.html,NASA's final shuttle mission
http://infositehub.com/2018/10/11/astronauts-safe-after-failed-rocket-launch-emergency-bail.html,monopoly
http://yalibnan.com/2018/10/12/space-crew-survives-plunge-to-earth-after-malfunctioning-russian-rocket-fails/,astronauts
http://yalibnan.com/2018/10/12/space-crew-survives-plunge-to-earth-after-malfunctioning-russian-rocket-fails/,area of cooperation
http://yalibnan.com/2018/10/12/space-crew-survives-plunge-to-earth-after-malfunctioning-russian-rocket-fails/,test flight
http://yalibnan.com/2018/10/12/space-crew-survives-plunge-to-earth-after-malfunctioning-russian-rocket-fails/,United States
http://yalibnan.com/2018/10/12/space-crew-survives-plunge-to-earth-after-malfunctioning-russian-rocket-fails/,SpaceX commercial rocket
http://yalibnan.com/2018/10/12/space-crew-survives-plunge-to-earth-after-malfunctioning-russian-rocket-fails/,plans
http://yalibnan.com/2018/10/12/space-crew-survives-plunge-to-earth-after-malfunctioning-russian-rocket-fails/,Russia
http://fairydetox.org/2018/10/11/iss-crew-in-good-condition-after-failed-space-launch.html,arrival of SpaceX's Dragon v2
http://fairydetox.org/2018/10/11/iss-crew-in-good-condition-after-failed-space-launch.html,Boeing's Starliner crew capsules
http://fairydetox.org/2018/10/11/iss-crew-in-good-condition-after-failed-space-launch.html,coming years
http://fairydetox.org/2018/10/11/iss-crew-in-good-condition-after-failed-space-launch.html,officials
http://fairydetox.org/2018/10/11/iss-crew-in-good-condition-after-failed-space-launch.html,monopoly
http://fairydetox.org/2018/10/11/iss-crew-in-good-condition-after-failed-space-launch.html,launch site
http://fairydetox.org/2018/10/11/iss-crew-in-good-condition-after-failed-space-launch.html,investigative group
http://fairydetox.org/2018/10/11/iss-crew-in-good-condition-after-failed-space-launch.html,Russian Federation
http://fairydetox.org/2018/10/11/iss-crew-in-good-condition-after-failed-space-launch.html,documents
https://www.dailyrepublic.com/all-dr-news/wires/business/blue-origin-wins-500-million-air-force-contract-for-development-of-new-glenn-rocket/,launch providers
https://www.dailyrepublic.com/all-dr-news/wires/business/blue-origin-wins-500-million-air-force-contract-for-development-of-new-glenn-rocket/,national security payloads
https://www.dailyrepublic.com/all-dr-news/wires/business/blue-origin-wins-500-million-air-force-contract-for-development-of-new-glenn-rocket/,SpaceX
https://www.dailyrepublic.com/all-dr-news/wires/business/blue-origin-wins-500-million-air-force-contract-for-development-of-new-glenn-rocket/,s chief executive
https://www.dailyrepublic.com/all-dr-news/wires/business/blue-origin-wins-500-million-air-force-contract-for-development-of-new-glenn-rocket/,ULA
https://www.dailyrepublic.com/all-dr-news/wires/business/blue-origin-wins-500-million-air-force-contract-for-development-of-new-glenn-rocket/,company
https://www.dailyrepublic.com/all-dr-news/wires/business/blue-origin-wins-500-million-air-force-contract-for-development-of-new-glenn-rocket/,Bezos
https://www.duluthnewstribune.com/news/world/4512211-american-russian-alive-after-soyuz-rocket-headed-space-station-fails-launch,Boeing
https://www.duluthnewstribune.com/news/world/4512211-american-russian-alive-after-soyuz-rocket-headed-space-station-fails-launch,NASA
https://www.duluthnewstribune.com/news/world/4512211-american-russian-alive-after-soyuz-rocket-headed-space-station-fails-launch,companies - SpaceX
https://www.duluthnewstribune.com/news/world/4512211-american-russian-alive-after-soyuz-rocket-headed-space-station-fails-launch,vehicles capable of ferrying
https://www.duluthnewstribune.com/news/world/4512211-american-russian-alive-after-soyuz-rocket-headed-space-station-fails-launch,tremendous pressure
https://www.duluthnewstribune.com/news/world/4512211-american-russian-alive-after-soyuz-rocket-headed-space-station-fails-launch,contracts
https://www.duluthnewstribune.com/news/world/4512211-american-russian-alive-after-soyuz-rocket-headed-space-station-fails-launch,astronauts
https://www.duluthnewstribune.com/news/world/4512211-american-russian-alive-after-soyuz-rocket-headed-space-station-fails-launch,space station
https://www.duluthnewstribune.com/news/world/4512211-american-russian-alive-after-soyuz-rocket-headed-space-station-fails-launch,failure
https://www.businessinsider.com/nasa-boeing-space-launch-system-audit-reveals-delays-cost-2018-10,latest Boeing stock price
https://www.businessinsider.com/nasa-boeing-space-launch-system-audit-reveals-delays-cost-2018-10,scathing opinion piece
https://www.businessinsider.com/nasa-boeing-space-launch-system-audit-reveals-delays-cost-2018-10,SpaceX
https://www.businessinsider.com/nasa-boeing-space-launch-system-audit-reveals-delays-cost-2018-10,US news outlets
https://www.businessinsider.com/nasa-boeing-space-launch-system-audit-reveals-delays-cost-2018-10,lobbying firm
https://www.businessinsider.com/nasa-boeing-space-launch-system-audit-reveals-delays-cost-2018-10,billions of dollars
https://www.businessinsider.com/nasa-boeing-space-launch-system-audit-reveals-delays-cost-2018-10,NASA contracts
https://www.businessinsider.com/nasa-boeing-space-launch-system-audit-reveals-delays-cost-2018-10,stake
https://www.businessinsider.com/russian-soyuz-rocket-emergency-astronaut-crew-safe-space-station-plan-2018-10,new commercial ships
https://www.businessinsider.com/russian-soyuz-rocket-emergency-astronaut-crew-safe-space-station-plan-2018-10,NASA
https://www.businessinsider.com/russian-soyuz-rocket-emergency-astronaut-crew-safe-space-station-plan-2018-10,ferry astronauts
https://www.businessinsider.com/russian-soyuz-rocket-emergency-astronaut-crew-safe-space-station-plan-2018-10,cosmonauts
https://www.businessinsider.com/russian-soyuz-rocket-emergency-astronaut-crew-safe-space-station-plan-2018-10,approval
https://www.businessinsider.com/russian-soyuz-rocket-emergency-astronaut-crew-safe-space-station-plan-2018-10,Boeing
https://www.businessinsider.com/russian-soyuz-rocket-emergency-astronaut-crew-safe-space-station-plan-2018-10,floating laboratory
https://www.businessinsider.com/russian-soyuz-rocket-emergency-astronaut-crew-safe-space-station-plan-2018-10,SpaceX
https://www.businessinsider.com/russian-soyuz-rocket-emergency-astronaut-crew-safe-space-station-plan-2018-10,vehicles
https://spectrum.ieee.org/tech-talk/aerospace/space-flight/getting-back-to-the-space-station,SpaceX
https://spectrum.ieee.org/tech-talk/aerospace/space-flight/getting-back-to-the-space-station,Boeing
https://spectrum.ieee.org/tech-talk/aerospace/space-flight/getting-back-to-the-space-station,uncrewed flights
https://spectrum.ieee.org/tech-talk/aerospace/space-flight/getting-back-to-the-space-station,crewed test flights
https://spectrum.ieee.org/tech-talk/aerospace/space-flight/getting-back-to-the-space-station,coming months
https://spectrum.ieee.org/tech-talk/aerospace/space-flight/getting-back-to-the-space-station,dates
http://www.westsideconnect.com/opinion/military-banners-gracing-downtown-gustine/article_b1a1f53e-cd8e-11e8-b8fe-97ef02c24d28.html,SpaceX rocket
http://www.westsideconnect.com/opinion/military-banners-gracing-downtown-gustine/article_b1a1f53e-cd8e-11e8-b8fe-97ef02c24d28.html,Newman resident Shelli Alves
http://www.westsideconnect.com/opinion/military-banners-gracing-downtown-gustine/article_b1a1f53e-cd8e-11e8-b8fe-97ef02c24d28.html,solar eclipses
http://www.westsideconnect.com/opinion/military-banners-gracing-downtown-gustine/article_b1a1f53e-cd8e-11e8-b8fe-97ef02c24d28.html,outstanding photo
http://www.westsideconnect.com/opinion/military-banners-gracing-downtown-gustine/article_b1a1f53e-cd8e-11e8-b8fe-97ef02c24d28.html,photos
http://www.westsideconnect.com/opinion/military-banners-gracing-downtown-gustine/article_b1a1f53e-cd8e-11e8-b8fe-97ef02c24d28.html,sports teams
http://www.westsideconnect.com/opinion/military-banners-gracing-downtown-gustine/article_b1a1f53e-cd8e-11e8-b8fe-97ef02c24d28.html,evening
http://www.westsideconnect.com/opinion/military-banners-gracing-downtown-gustine/article_b1a1f53e-cd8e-11e8-b8fe-97ef02c24d28.html,readers
http://www.westsideconnect.com/opinion/military-banners-gracing-downtown-gustine/article_b1a1f53e-cd8e-11e8-b8fe-97ef02c24d28.html,example
https://www.bloomberg.com/news/articles/2018-10-11/soyuz-rocket-failure-could-delay-u-s-space-program?srnd=premium,crew vehicles
https://www.bloomberg.com/news/articles/2018-10-11/soyuz-rocket-failure-could-delay-u-s-space-program?srnd=premium,s CST
https://www.bloomberg.com/news/articles/2018-10-11/soyuz-rocket-failure-could-delay-u-s-space-program?srnd=premium,approach
https://www.bloomberg.com/news/articles/2018-10-11/soyuz-rocket-failure-could-delay-u-s-space-program?srnd=premium,test of Boeing
https://www.bloomberg.com/news/articles/2018-10-11/soyuz-rocket-failure-could-delay-u-s-space-program?srnd=premium,Starliner
https://www.bloomberg.com/news/articles/2018-10-11/soyuz-rocket-failure-could-delay-u-s-space-program?srnd=premium,ISS
https://www.bloomberg.com/news/articles/2018-10-11/soyuz-rocket-failure-could-delay-u-s-space-program?srnd=premium,demonstration flight
https://www.bloomberg.com/news/articles/2018-10-11/soyuz-rocket-failure-could-delay-u-s-space-program?srnd=premium,SpaceX
https://www.bloomberg.com/news/articles/2018-10-11/soyuz-rocket-failure-could-delay-u-s-space-program?srnd=premium,agency
https://www.bloomberg.com/news/articles/2018-10-11/soyuz-rocket-failure-could-delay-u-s-space-program?srnd=premium,effort
https://www.mercurynews.com/2018/10/11/musk-sec-seek-judges-ok-on-fraud-settlement/,Elon Musk cuts
https://www.mercurynews.com/2018/10/11/musk-sec-seek-judges-ok-on-fraud-settlement/,Flint
https://www.mercurynews.com/2018/10/11/musk-sec-seek-judges-ok-on-fraud-settlement/,Michigan schools Japanese tycoon
https://www.mercurynews.com/2018/10/11/musk-sec-seek-judges-ok-on-fraud-settlement/,SpaceX rocket
https://www.mercurynews.com/2018/10/11/musk-sec-seek-judges-ok-on-fraud-settlement/,check
https://www.mercurynews.com/2018/10/11/musk-sec-seek-judges-ok-on-fraud-settlement/,clean water
https://www.mercurynews.com/2018/10/11/musk-sec-seek-judges-ok-on-fraud-settlement/,terms
https://www.mercurynews.com/2018/10/11/musk-sec-seek-judges-ok-on-fraud-settlement/,agreement
https://www.mercurynews.com/2018/10/11/musk-sec-seek-judges-ok-on-fraud-settlement/,Blink
https://www.msn.com/en-ca/news/canada/soyuz-rocket-failure-a-big-problem-for-international-space-station/ar-BBOfIKp,SpaceX Dragon
https://www.msn.com/en-ca/news/canada/soyuz-rocket-failure-a-big-problem-for-international-space-station/ar-BBOfIKp,Florida's Cape Canaveral
https://www.msn.com/en-ca/news/canada/soyuz-rocket-failure-a-big-problem-for-international-space-station/ar-BBOfIKp,alternatives
https://www.msn.com/en-ca/news/canada/soyuz-rocket-failure-a-big-problem-for-international-space-station/ar-BBOfIKp,place
https://www.msn.com/en-ca/news/canada/soyuz-rocket-failure-a-big-problem-for-international-space-station/ar-BBOfIKp,Boeing Starliner
https://www.msn.com/en-ca/news/canada/soyuz-rocket-failure-a-big-problem-for-international-space-station/ar-BBOfIKp,unmanned flight
http://opticxllyaroused.com/2018/10/11/virgin-galactic-is-weeks-away-from-reaching-space-ceo.html,rocket motor
http://opticxllyaroused.com/2018/10/11/virgin-galactic-is-weeks-away-from-reaching-space-ceo.html,Musk's rocket company SpaceX
http://opticxllyaroused.com/2018/10/11/virgin-galactic-is-weeks-away-from-reaching-space-ceo.html,Sir Richard's space firm Virgin Galactic
http://opticxllyaroused.com/2018/10/11/virgin-galactic-is-weeks-away-from-reaching-space-ceo.html,battle
http://opticxllyaroused.com/2018/10/11/virgin-galactic-is-weeks-away-from-reaching-space-ceo.html,cowl
http://opticxllyaroused.com/2018/10/11/virgin-galactic-is-weeks-away-from-reaching-space-ceo.html,rear
http://opticxllyaroused.com/2018/10/11/virgin-galactic-is-weeks-away-from-reaching-space-ceo.html,aircraft body
http://opticxllyaroused.com/2018/10/11/virgin-galactic-is-weeks-away-from-reaching-space-ceo.html,Branson
http://opticxllyaroused.com/2018/10/11/virgin-galactic-is-weeks-away-from-reaching-space-ceo.html,New Yorker
http://opticxllyaroused.com/2018/10/11/virgin-galactic-is-weeks-away-from-reaching-space-ceo.html,paying tourists
https://www.theverge.com/2018/10/11/17963872/nasa-international-space-station-soyuz-launch-failure,astronauts
https://www.theverge.com/2018/10/11/17963872/nasa-international-space-station-soyuz-launch-failure,ISS
https://www.theverge.com/2018/10/11/17963872/nasa-international-space-station-soyuz-launch-failure,private companies
https://www.theverge.com/2018/10/11/17963872/nasa-international-space-station-soyuz-launch-failure,space agency’s Commercial Crew Program
https://www.theverge.com/2018/10/11/17963872/nasa-international-space-station-soyuz-launch-failure,Boeing
https://www.theverge.com/2018/10/11/17963872/nasa-international-space-station-soyuz-launch-failure,SpaceX
https://www.theverge.com/2018/10/11/17963872/nasa-international-space-station-soyuz-launch-failure,years
https://www.theverge.com/2018/10/11/17963872/nasa-international-space-station-soyuz-launch-failure,new ways
https://www.theverge.com/2018/10/11/17963872/nasa-international-space-station-soyuz-launch-failure,vehicles
https://www.americanthinker.com/blog/2018/10/russian_american_astronauts_make_emergency_landing_after_rocket_failure.html,Elon Musk's current troubles
https://www.americanthinker.com/blog/2018/10/russian_american_astronauts_make_emergency_landing_after_rocket_failure.html,problems
https://www.americanthinker.com/blog/2018/10/russian_american_astronauts_make_emergency_landing_after_rocket_failure.html,SpaceX Dragon capsule
https://www.americanthinker.com/blog/2018/10/russian_american_astronauts_make_emergency_landing_after_rocket_failure.html,years of delay
https://www.americanthinker.com/blog/2018/10/russian_american_astronauts_make_emergency_landing_after_rocket_failure.html,crew
https://www.americanthinker.com/blog/2018/10/russian_american_astronauts_make_emergency_landing_after_rocket_failure.html,board
https://www.americanthinker.com/blog/2018/10/russian_american_astronauts_make_emergency_landing_after_rocket_failure.html,flight
https://www.americanthinker.com/blog/2018/10/russian_american_astronauts_make_emergency_landing_after_rocket_failure.html,NASA
https://www.americanthinker.com/blog/2018/10/russian_american_astronauts_make_emergency_landing_after_rocket_failure.html,Boeing
http://astronomy.com/news/2018/10/soyuz-rocket-failure,crewed missions
http://astronomy.com/news/2018/10/soyuz-rocket-failure,American companies SpaceX
http://astronomy.com/news/2018/10/soyuz-rocket-failure,Boeing
http://astronomy.com/news/2018/10/soyuz-rocket-failure,experienced delays
https://www.msn.com/en-us/news/technology/our-toehold-in-space-is-at-extreme-risk-russias-rocket-failure-leaves-nasa-astronauts-with-no-way-to-get-into-orbit/ar-BBOfuiB,space station
https://www.msn.com/en-us/news/technology/our-toehold-in-space-is-at-extreme-risk-russias-rocket-failure-leaves-nasa-astronauts-with-no-way-to-get-into-orbit/ar-BBOfuiB,new commercial ships
https://www.msn.com/en-us/news/technology/our-toehold-in-space-is-at-extreme-risk-russias-rocket-failure-leaves-nasa-astronauts-with-no-way-to-get-into-orbit/ar-BBOfuiB,Boeing
https://www.msn.com/en-us/news/technology/our-toehold-in-space-is-at-extreme-risk-russias-rocket-failure-leaves-nasa-astronauts-with-no-way-to-get-into-orbit/ar-BBOfuiB,SpaceX
https://www.msn.com/en-us/news/technology/our-toehold-in-space-is-at-extreme-risk-russias-rocket-failure-leaves-nasa-astronauts-with-no-way-to-get-into-orbit/ar-BBOfuiB,current situation
https://www.msn.com/en-us/news/technology/our-toehold-in-space-is-at-extreme-risk-russias-rocket-failure-leaves-nasa-astronauts-with-no-way-to-get-into-orbit/ar-BBOfuiB,orbiting laboratory
https://www.msn.com/en-us/news/technology/our-toehold-in-space-is-at-extreme-risk-russias-rocket-failure-leaves-nasa-astronauts-with-no-way-to-get-into-orbit/ar-BBOfuiB,people
http://nwasianweekly.com/2018/10/spacexs-1st-traveler-is-japanese-fashion-tycoon/,moon
http://nwasianweekly.com/2018/10/spacexs-1st-traveler-is-japanese-fashion-tycoon/,Yusaku Maezawa
http://nwasianweekly.com/2018/10/spacexs-1st-traveler-is-japanese-fashion-tycoon/,company
http://nwasianweekly.com/2018/10/spacexs-1st-traveler-is-japanese-fashion-tycoon/,commercial rocket trip
http://nwasianweekly.com/2018/10/spacexs-1st-traveler-is-japanese-fashion-tycoon/,LOS ANGELES
http://nwasianweekly.com/2018/10/spacexs-1st-traveler-is-japanese-fashion-tycoon/,weeklong journey
http://nwasianweekly.com/2018/10/spacexs-1st-traveler-is-japanese-fashion-tycoon/,Japanese billionaire
http://nwasianweekly.com/2018/10/spacexs-1st-traveler-is-japanese-fashion-tycoon/,artists
http://nwasianweekly.com/2018/10/spacexs-1st-traveler-is-japanese-fashion-tycoon/,architects
https://www.aol.com/video/playlist/PL5616/5bbf681e7dde4b1951ad7903/,SpaceX Rocket
https://www.aol.com/video/playlist/PL5616/5bbf681e7dde4b1951ad7903/,Night Sky SpaceX
https://www.aol.com/video/playlist/PL5616/5bbf681e7dde4b1951ad7903/,reusable stage
https://www.aol.com/video/playlist/PL5616/5bbf681e7dde4b1951ad7903/,Shocking Prank
https://www.aol.com/video/playlist/PL5616/5bbf681e7dde4b1951ad7903/,Southern California
https://www.aol.com/video/playlist/PL5616/5bbf681e7dde4b1951ad7903/,Photo Sells Art
https://www.aol.com/video/playlist/PL5616/5bbf681e7dde4b1951ad7903/,time
https://www.aol.com/video/playlist/PL5616/5bbf681e7dde4b1951ad7903/,ground
https://www.aol.com/video/playlist/PL5616/5bbf681e7dde4b1951ad7903/,visuals
https://ktla.com/2018/10/11/u-s-russian-astronauts-survive-emergency-landing-after-rocket-failure/,Todd
https://ktla.com/2018/10/11/u-s-russian-astronauts-survive-emergency-landing-after-rocket-failure/,new crew capsules
https://ktla.com/2018/10/11/u-s-russian-astronauts-survive-emergency-landing-after-rocket-failure/,Boeing
https://ktla.com/2018/10/11/u-s-russian-astronauts-survive-emergency-landing-after-rocket-failure/,year
https://ktla.com/2018/10/11/u-s-russian-astronauts-survive-emergency-landing-after-rocket-failure/,asset
https://ktla.com/2018/10/11/u-s-russian-astronauts-survive-emergency-landing-after-rocket-failure/,SpaceX
https://ktla.com/2018/10/11/u-s-russian-astronauts-survive-emergency-landing-after-rocket-failure/,space station
https://en.annahar.com/article/877839-nasa-exploring-flying-space-station-without-crew,commercial demo missions
https://en.annahar.com/article/877839-nasa-exploring-flying-space-station-without-crew,Boeing
https://en.annahar.com/article/877839-nasa-exploring-flying-space-station-without-crew,new crew capsules
https://en.annahar.com/article/877839-nasa-exploring-flying-space-station-without-crew,arrival
https://en.annahar.com/article/877839-nasa-exploring-flying-space-station-without-crew,safety reasons
https://en.annahar.com/article/877839-nasa-exploring-flying-space-station-without-crew,SpaceX
https://en.annahar.com/article/877839-nasa-exploring-flying-space-station-without-crew,year
https://en.annahar.com/article/877839-nasa-exploring-flying-space-station-without-crew,board
https://en.annahar.com/article/877839-nasa-exploring-flying-space-station-without-crew,asset
https://phys.org/news/2018-10-taxi-space-station-soyuz-fiasco.html,contracts
https://phys.org/news/2018-10-taxi-space-station-soyuz-fiasco.html,American companies
https://phys.org/news/2018-10-taxi-space-station-soyuz-fiasco.html,US space agency
https://phys.org/news/2018-10-taxi-space-station-soyuz-fiasco.html,Boeing
https://phys.org/news/2018-10-taxi-space-station-soyuz-fiasco.html,SpaceX
https://phys.org/news/2018-10-taxi-space-station-soyuz-fiasco.html,Russians
https://phys.org/news/2018-10-taxi-space-station-soyuz-fiasco.html,tighter budget
https://www.washingtonpost.com/lifestyle/kidspost/failed-rocket-causes-emergency-landing-for-astronaut-cosmonaut/2018/10/11/e9c43a90-cd74-11e8-a360-85875bac0b1f_story.html,arrival of SpaceX’s Dragon
https://www.washingtonpost.com/lifestyle/kidspost/failed-rocket-causes-emergency-landing-for-astronaut-cosmonaut/2018/10/11/e9c43a90-cd74-11e8-a360-85875bac0b1f_story.html,Russian space program
https://www.washingtonpost.com/lifestyle/kidspost/failed-rocket-causes-emergency-landing-for-astronaut-cosmonaut/2018/10/11/e9c43a90-cd74-11e8-a360-85875bac0b1f_story.html,Boeing’s Starliner crew capsules
https://www.washingtonpost.com/lifestyle/kidspost/failed-rocket-causes-emergency-landing-for-astronaut-cosmonaut/2018/10/11/e9c43a90-cd74-11e8-a360-85875bac0b1f_story.html,manned launch failure
https://www.washingtonpost.com/lifestyle/kidspost/failed-rocket-causes-emergency-landing-for-astronaut-cosmonaut/2018/10/11/e9c43a90-cd74-11e8-a360-85875bac0b1f_story.html,coming years
https://www.washingtonpost.com/lifestyle/kidspost/failed-rocket-causes-emergency-landing-for-astronaut-cosmonaut/2018/10/11/e9c43a90-cd74-11e8-a360-85875bac0b1f_story.html,Soviet cosmonauts Vladimir Titov
https://www.washingtonpost.com/lifestyle/kidspost/failed-rocket-causes-emergency-landing-for-astronaut-cosmonaut/2018/10/11/e9c43a90-cd74-11e8-a360-85875bac0b1f_story.html,monopoly
https://www.washingtonpost.com/lifestyle/kidspost/failed-rocket-causes-emergency-landing-for-astronaut-cosmonaut/2018/10/11/e9c43a90-cd74-11e8-a360-85875bac0b1f_story.html,time
https://www.socaltech.com/nasa_russian_launch_failure_may_impact_spacex_commercial_crew_mission/s-0076288.html,Russian Soyuz mission
https://www.socaltech.com/nasa_russian_launch_failure_may_impact_spacex_commercial_crew_mission/s-0076288.html,commercial mission of Hawthorne
https://www.socaltech.com/nasa_russian_launch_failure_may_impact_spacex_commercial_crew_mission/s-0076288.html,International Space Station
https://www.socaltech.com/nasa_russian_launch_failure_may_impact_spacex_commercial_crew_mission/s-0076288.html,Kazakhstan
https://www.socaltech.com/nasa_russian_launch_failure_may_impact_spacex_commercial_crew_mission/s-0076288.html,California-based SpaceX
https://www.socaltech.com/nasa_russian_launch_failure_may_impact_spacex_commercial_crew_mission/s-0076288.html,morning
https://www.socaltech.com/nasa_russian_launch_failure_may_impact_spacex_commercial_crew_mission/s-0076288.html,NASA
https://www.socaltech.com/nasa_russian_launch_failure_may_impact_spacex_commercial_crew_mission/s-0076288.html,Boeing
https://www.socaltech.com/nasa_russian_launch_failure_may_impact_spacex_commercial_crew_mission/s-0076288.html,launch failure
https://finance.yahoo.com/news/blue-origin-resets-schedule-first-175427572.html,option
https://finance.yahoo.com/news/blue-origin-resets-schedule-first-175427572.html,future national security launches
https://finance.yahoo.com/news/blue-origin-resets-schedule-first-175427572.html,New Glenn
https://finance.yahoo.com/news/blue-origin-resets-schedule-first-175427572.html,United Launch Alliance
https://finance.yahoo.com/news/blue-origin-resets-schedule-first-175427572.html,SpaceX
https://finance.yahoo.com/news/blue-origin-resets-schedule-first-175427572.html,company
https://finance.yahoo.com/news/blue-origin-resets-schedule-first-175427572.html,Air Force
http://www.nwaonline.com/news/2018/oct/11/astronauts-safe-after-emergency-landing/,arrival of SpaceX's Dragon v2
http://www.nwaonline.com/news/2018/oct/11/astronauts-safe-after-emergency-landing/,Boeing's Starliner crew capsules
http://www.nwaonline.com/news/2018/oct/11/astronauts-safe-after-emergency-landing/,Russian space program
http://www.nwaonline.com/news/2018/oct/11/astronauts-safe-after-emergency-landing/,manned launch failure
http://www.nwaonline.com/news/2018/oct/11/astronauts-safe-after-emergency-landing/,coming years
http://www.nwaonline.com/news/2018/oct/11/astronauts-safe-after-emergency-landing/,Soviet cosmonauts Vladimir Titov
http://www.nwaonline.com/news/2018/oct/11/astronauts-safe-after-emergency-landing/,monopoly
http://www.nwaonline.com/news/2018/oct/11/astronauts-safe-after-emergency-landing/,time
https://www.wired.com/story/soyuz-rocket-failure-jeopardizes-future-iss-missions/,Boeing's Starliner crew capsules
https://www.wired.com/story/soyuz-rocket-failure-jeopardizes-future-iss-missions/,flights of SpaceX's Crew Dragon
https://www.wired.com/story/soyuz-rocket-failure-jeopardizes-future-iss-missions/,NASA’s
https://www.wired.com/story/soyuz-rocket-failure-jeopardizes-future-iss-missions/,generation space taxis
https://www.wired.com/story/soyuz-rocket-failure-jeopardizes-future-iss-missions/,Commercial companies
https://www.wired.com/story/soyuz-rocket-failure-jeopardizes-future-iss-missions/,year
https://www.aol.com/video/playlist/PL5616/5bbf3e9d367f6d14594b2c53/,SpaceX Rocket
https://www.aol.com/video/playlist/PL5616/5bbf3e9d367f6d14594b2c53/,Night Sky SpaceX
https://www.aol.com/video/playlist/PL5616/5bbf3e9d367f6d14594b2c53/,reusable stage
https://www.aol.com/video/playlist/PL5616/5bbf3e9d367f6d14594b2c53/,Shocking Prank
https://www.aol.com/video/playlist/PL5616/5bbf3e9d367f6d14594b2c53/,Southern California
https://www.aol.com/video/playlist/PL5616/5bbf3e9d367f6d14594b2c53/,Photo Sells Art
https://www.aol.com/video/playlist/PL5616/5bbf3e9d367f6d14594b2c53/,time
https://www.aol.com/video/playlist/PL5616/5bbf3e9d367f6d14594b2c53/,ground
https://www.aol.com/video/playlist/PL5616/5bbf3e9d367f6d14594b2c53/,visuals
http://www.time.com/5421558/us-russian-astronauts-space-station/,Thursday’s failure
http://www.time.com/5421558/us-russian-astronauts-space-station/,manned launch failure
http://www.time.com/5421558/us-russian-astronauts-space-station/,SpaceX’s Dragon v2
http://www.time.com/5421558/us-russian-astronauts-space-station/,Boeing’s Starliner crew capsules
http://www.time.com/5421558/us-russian-astronauts-space-station/,arrival
http://www.time.com/5421558/us-russian-astronauts-space-station/,Russian space program
http://www.time.com/5421558/us-russian-astronauts-space-station/,coming years
http://www.time.com/5421558/us-russian-astronauts-space-station/,monopoly
https://www.theyeshivaworld.com/news/general/1603610/us-russian-astronauts-safe-after-failed-launch.html,arrival of SpaceX’s Dragon v2
https://www.theyeshivaworld.com/news/general/1603610/us-russian-astronauts-safe-after-failed-launch.html,Boeing’s Starliner crew capsules
https://www.theyeshivaworld.com/news/general/1603610/us-russian-astronauts-safe-after-failed-launch.html,Russian space program
https://www.theyeshivaworld.com/news/general/1603610/us-russian-astronauts-safe-after-failed-launch.html,manned launch failure
https://www.theyeshivaworld.com/news/general/1603610/us-russian-astronauts-safe-after-failed-launch.html,coming years
https://www.theyeshivaworld.com/news/general/1603610/us-russian-astronauts-safe-after-failed-launch.html,Soviet cosmonauts Vladimir Titov
https://www.theyeshivaworld.com/news/general/1603610/us-russian-astronauts-safe-after-failed-launch.html,monopoly
https://www.theyeshivaworld.com/news/general/1603610/us-russian-astronauts-safe-after-failed-launch.html,time
https://www.outerplaces.com/science/item/18944-moon-rocks-puzzle-auction,Moon
https://www.outerplaces.com/science/item/18944-moon-rocks-puzzle-auction,SpaceX
https://www.outerplaces.com/science/item/18944-moon-rocks-puzzle-auction,Japanese billionaire Yusaku Maezawa
https://www.outerplaces.com/science/item/18944-moon-rocks-puzzle-auction,best thing
https://www.outerplaces.com/science/item/18944-moon-rocks-puzzle-auction,trip
https://www.outerplaces.com/science/item/18944-moon-rocks-puzzle-auction,piece
https://www.outerplaces.com/science/item/18944-moon-rocks-puzzle-auction,extra cash
https://www.investors.com/news/international-space-station-boeing-spacex-nasa-launches/,space flights
https://www.investors.com/news/international-space-station-boeing-spacex-nasa-launches/,International Space Station
https://www.investors.com/news/international-space-station-boeing-spacex-nasa-launches/,pressure
https://www.investors.com/news/international-space-station-boeing-spacex-nasa-launches/,risk
https://www.investors.com/news/international-space-station-boeing-spacex-nasa-launches/,Soyuz rocket failure
https://www.investors.com/news/international-space-station-boeing-spacex-nasa-launches/,rockets ready
https://www.investors.com/news/international-space-station-boeing-spacex-nasa-launches/,SpaceX
https://www.investors.com/news/international-space-station-boeing-spacex-nasa-launches/,Boeing
https://www.investors.com/news/international-space-station-boeing-spacex-nasa-launches/,astronaut Nick Hague
https://wonderfulengineering.com/these-are-the-twitter-accounts-that-are-worth-following-according-to-elon-musk/,social media
https://wonderfulengineering.com/these-are-the-twitter-accounts-that-are-worth-following-according-to-elon-musk/,Twitter account
https://wonderfulengineering.com/these-are-the-twitter-accounts-that-are-worth-following-according-to-elon-musk/,SpaceX
https://wonderfulengineering.com/these-are-the-twitter-accounts-that-are-worth-following-according-to-elon-musk/,Tesla
https://wonderfulengineering.com/these-are-the-twitter-accounts-that-are-worth-following-according-to-elon-musk/,PayPal
https://wonderfulengineering.com/these-are-the-twitter-accounts-that-are-worth-following-according-to-elon-musk/,followers
https://wonderfulengineering.com/these-are-the-twitter-accounts-that-are-worth-following-according-to-elon-musk/,times
https://wonderfulengineering.com/these-are-the-twitter-accounts-that-are-worth-following-according-to-elon-musk/,skills
https://www.socaltech.com/manned_spacex_mission_may_be_more_urgent_after_russian_launch_failure/s-0076284.html,manned launch
https://www.socaltech.com/manned_spacex_mission_may_be_more_urgent_after_russian_launch_failure/s-0076284.html,launch failure
https://www.socaltech.com/manned_spacex_mission_may_be_more_urgent_after_russian_launch_failure/s-0076284.html,aborted launch
https://www.socaltech.com/manned_spacex_mission_may_be_more_urgent_after_russian_launch_failure/s-0076284.html,manned rocket
https://www.socaltech.com/manned_spacex_mission_may_be_more_urgent_after_russian_launch_failure/s-0076284.html,International Space Station
https://www.socaltech.com/manned_spacex_mission_may_be_more_urgent_after_russian_launch_failure/s-0076284.html,Hawthorne
https://www.socaltech.com/manned_spacex_mission_may_be_more_urgent_after_russian_launch_failure/s-0076284.html,wake
https://www.socaltech.com/manned_spacex_mission_may_be_more_urgent_after_russian_launch_failure/s-0076284.html,California-based SpaceX
https://www.socaltech.com/manned_spacex_mission_may_be_more_urgent_after_russian_launch_failure/s-0076284.html,Russia
https://www.ohio.com/zz/news/20181011/us-russian-astronauts-safe-after-emergency-landing?rssfeed=true,arrival of SpaceX's Dragon
https://www.ohio.com/zz/news/20181011/us-russian-astronauts-safe-after-emergency-landing?rssfeed=true,Russian space program
https://www.ohio.com/zz/news/20181011/us-russian-astronauts-safe-after-emergency-landing?rssfeed=true,Boeing's Starliner crew capsules
https://www.ohio.com/zz/news/20181011/us-russian-astronauts-safe-after-emergency-landing?rssfeed=true,manned launch failure
https://www.ohio.com/zz/news/20181011/us-russian-astronauts-safe-after-emergency-landing?rssfeed=true,coming years
https://www.ohio.com/zz/news/20181011/us-russian-astronauts-safe-after-emergency-landing?rssfeed=true,Soviet cosmonauts Vladimir Titov
https://www.ohio.com/zz/news/20181011/us-russian-astronauts-safe-after-emergency-landing?rssfeed=true,Gennady
https://www.ohio.com/zz/news/20181011/us-russian-astronauts-safe-after-emergency-landing?rssfeed=true,monopoly
https://www.ohio.com/zz/news/20181011/us-russian-astronauts-safe-after-emergency-landing?rssfeed=true,time
https://www.yahoo.com/news/american-russian-cosmonaut-bound-iss-emergency-landing-rocket-153503713--abc-news-topstories.html,SpaceX
https://www.yahoo.com/news/american-russian-cosmonaut-bound-iss-emergency-landing-rocket-153503713--abc-news-topstories.html,commercial space companies
https://www.yahoo.com/news/american-russian-cosmonaut-bound-iss-emergency-landing-rocket-153503713--abc-news-topstories.html,route
https://www.yahoo.com/news/american-russian-cosmonaut-bound-iss-emergency-landing-rocket-153503713--abc-news-topstories.html,contracts
https://www.yahoo.com/news/american-russian-cosmonaut-bound-iss-emergency-landing-rocket-153503713--abc-news-topstories.html,unmanned test flights
https://www.yahoo.com/news/american-russian-cosmonaut-bound-iss-emergency-landing-rocket-153503713--abc-news-topstories.html,way
https://www.yahoo.com/news/american-russian-cosmonaut-bound-iss-emergency-landing-rocket-153503713--abc-news-topstories.html,Soyuz
https://www.yahoo.com/news/american-russian-cosmonaut-bound-iss-emergency-landing-rocket-153503713--abc-news-topstories.html,Boeing
https://www.yahoo.com/news/american-russian-cosmonaut-bound-iss-emergency-landing-rocket-153503713--abc-news-topstories.html,station
https://www.bizjournals.com/denver/news/2018/10/11/united-launch-alliance-air-force-rocket-funding.html,Air Force plans
https://www.bizjournals.com/denver/news/2018/10/11/united-launch-alliance-air-force-rocket-funding.html,Air Force rocket development program
https://www.bizjournals.com/denver/news/2018/10/11/united-launch-alliance-air-force-rocket-funding.html,continued funding
https://www.bizjournals.com/denver/news/2018/10/11/united-launch-alliance-air-force-rocket-funding.html,Elon Musk's rocket company
https://www.bizjournals.com/denver/news/2018/10/11/united-launch-alliance-air-force-rocket-funding.html,remaining rockets
https://www.bizjournals.com/denver/news/2018/10/11/united-launch-alliance-air-force-rocket-funding.html,earlier round
https://www.bizjournals.com/denver/news/2018/10/11/united-launch-alliance-air-force-rocket-funding.html,SpaceX
https://www.bizjournals.com/denver/news/2018/10/11/united-launch-alliance-air-force-rocket-funding.html,years
https://www.bizjournals.com/denver/news/2018/10/11/united-launch-alliance-air-force-rocket-funding.html,Wednesday's contract award
https://www.bizjournals.com/orlando/news/2018/10/11/moon-matters-why-nasa-spacex-and-others-are-aiming.html,manufacturing activity
https://www.bizjournals.com/orlando/news/2018/10/11/moon-matters-why-nasa-spacex-and-others-are-aiming.html,leaders of Lockheed Martin
https://www.bizjournals.com/orlando/news/2018/10/11/moon-matters-why-nasa-spacex-and-others-are-aiming.html,Florida’s Space Coast
https://www.bizjournals.com/orlando/news/2018/10/11/moon-matters-why-nasa-spacex-and-others-are-aiming.html,NYSE
https://www.bizjournals.com/orlando/news/2018/10/11/moon-matters-why-nasa-spacex-and-others-are-aiming.html,rocket
https://www.bizjournals.com/orlando/news/2018/10/11/moon-matters-why-nasa-spacex-and-others-are-aiming.html,moon
https://www.bizjournals.com/orlando/news/2018/10/11/moon-matters-why-nasa-spacex-and-others-are-aiming.html,hot topic
https://www.bizjournals.com/orlando/news/2018/10/11/moon-matters-why-nasa-spacex-and-others-are-aiming.html,week
https://www.bizjournals.com/orlando/news/2018/10/11/moon-matters-why-nasa-spacex-and-others-are-aiming.html,LMT
https://www.bizjournals.com/orlando/news/2018/10/11/moon-matters-why-nasa-spacex-and-others-are-aiming.html,jour
https://www.voanews.com/a/international-students-can-use-us-investor-visa-to-gain-green-card/4609136.html,Khanna
https://www.voanews.com/a/international-students-can-use-us-investor-visa-to-gain-green-card/4609136.html,company
https://www.voanews.com/a/international-students-can-use-us-investor-visa-to-gain-green-card/4609136.html,round of interviews
https://www.voanews.com/a/international-students-can-use-us-investor-visa-to-gain-green-card/4609136.html,green card
https://www.voanews.com/a/international-students-can-use-us-investor-visa-to-gain-green-card/4609136.html,job
https://www.voanews.com/a/international-students-can-use-us-investor-visa-to-gain-green-card/4609136.html,America
https://www.voanews.com/a/international-students-can-use-us-investor-visa-to-gain-green-card/4609136.html,SpaceX
http://www.digitaljournal.com/tech-and-science/technology/three-companies-to-develop-rockets-for-national-security-launches/article/534362,Defense Department
http://www.digitaljournal.com/tech-and-science/technology/three-companies-to-develop-rockets-for-national-security-launches/article/534362,Department of Defense
http://www.digitaljournal.com/tech-and-science/technology/three-companies-to-develop-rockets-for-national-security-launches/article/534362,SpaceX
http://www.digitaljournal.com/tech-and-science/technology/three-companies-to-develop-rockets-for-national-security-launches/article/534362,current launch provider
http://www.digitaljournal.com/tech-and-science/technology/three-companies-to-develop-rockets-for-national-security-launches/article/534362,US military funding
http://www.digitaljournal.com/tech-and-science/technology/three-companies-to-develop-rockets-for-national-security-launches/article/534362,satellites
http://www.digitaljournal.com/tech-and-science/technology/three-companies-to-develop-rockets-for-national-security-launches/article/534362,DOD
http://www.digitaljournal.com/tech-and-science/technology/three-companies-to-develop-rockets-for-national-security-launches/article/534362,company
http://www.digitaljournal.com/tech-and-science/technology/three-companies-to-develop-rockets-for-national-security-launches/article/534362,list
https://www.foxnews.com/science/us-russian-astronauts-make-dangerous-ballistic-re-entry-into-earths-atmosphere-after-rocket-fails,SpaceX Crew Dragon
https://www.foxnews.com/science/us-russian-astronauts-make-dangerous-ballistic-re-entry-into-earths-atmosphere-after-rocket-fails,Boeing CST
https://www.foxnews.com/science/us-russian-astronauts-make-dangerous-ballistic-re-entry-into-earths-atmosphere-after-rocket-fails,missions
https://www.foxnews.com/science/us-russian-astronauts-make-dangerous-ballistic-re-entry-into-earths-atmosphere-after-rocket-fails,astronauts
https://www.foxnews.com/science/us-russian-astronauts-make-dangerous-ballistic-re-entry-into-earths-atmosphere-after-rocket-fails,test flights
https://www.foxnews.com/science/us-russian-astronauts-make-dangerous-ballistic-re-entry-into-earths-atmosphere-after-rocket-fails,Starliner spacecraft
https://leehamnews.com/2018/10/11/is-blue-origin-making-the-737-of-spaceflight/,tons
https://leehamnews.com/2018/10/11/is-blue-origin-making-the-737-of-spaceflight/,geosychronous orbit
https://leehamnews.com/2018/10/11/is-blue-origin-making-the-737-of-spaceflight/,low-Earth orbit
https://leehamnews.com/2018/10/11/is-blue-origin-making-the-737-of-spaceflight/,larger payload capacity
https://leehamnews.com/2018/10/11/is-blue-origin-making-the-737-of-spaceflight/,SpaceX’s Falcon Heavy
https://leehamnews.com/2018/10/11/is-blue-origin-making-the-737-of-spaceflight/,percent
https://leehamnews.com/2018/10/11/is-blue-origin-making-the-737-of-spaceflight/,total vehicle’s cost
https://leehamnews.com/2018/10/11/is-blue-origin-making-the-737-of-spaceflight/,stage
https://www.washingtonpost.com/entertainment/style-invitational-week-1301-tell-us-a-fib/2018/10/11/be684152-cb0d-11e8-920f-dd52e1ae4570_story.html,moon moan flight All-sex-all-
https://www.washingtonpost.com/entertainment/style-invitational-week-1301-tell-us-a-fib/2018/10/11/be684152-cb0d-11e8-920f-dd52e1ae4570_story.html,SpaceX changes plans
https://www.washingtonpost.com/entertainment/style-invitational-week-1301-tell-us-a-fib/2018/10/11/be684152-cb0d-11e8-920f-dd52e1ae4570_story.html,Brady
https://www.washingtonpost.com/entertainment/style-invitational-week-1301-tell-us-a-fib/2018/10/11/be684152-cb0d-11e8-920f-dd52e1ae4570_story.html,Chris Doyle
https://www.washingtonpost.com/entertainment/style-invitational-week-1301-tell-us-a-fib/2018/10/11/be684152-cb0d-11e8-920f-dd52e1ae4570_story.html,Cleveland
https://www.washingtonpost.com/entertainment/style-invitational-week-1301-tell-us-a-fib/2018/10/11/be684152-cb0d-11e8-920f-dd52e1ae4570_story.html,Belichick
https://www.washingtonpost.com/entertainment/style-invitational-week-1301-tell-us-a-fib/2018/10/11/be684152-cb0d-11e8-920f-dd52e1ae4570_story.html,better protection
https://www.washingtonpost.com/entertainment/style-invitational-week-1301-tell-us-a-fib/2018/10/11/be684152-cb0d-11e8-920f-dd52e1ae4570_story.html,trade
https://www.washingtonpost.com/entertainment/style-invitational-week-1301-tell-us-a-fib/2018/10/11/be684152-cb0d-11e8-920f-dd52e1ae4570_story.html,time mission
https://www.nbcnewyork.com/news/national-international/US-Russian-Astronauts-Space-Station-496864181.html,arrival of SpaceX's Dragon v2
https://www.nbcnewyork.com/news/national-international/US-Russian-Astronauts-Space-Station-496864181.html,Boeing's Starliner crew capsules
https://www.nbcnewyork.com/news/national-international/US-Russian-Astronauts-Space-Station-496864181.html,Russian space program
https://www.nbcnewyork.com/news/national-international/US-Russian-Astronauts-Space-Station-496864181.html,manned launch failure
https://www.nbcnewyork.com/news/national-international/US-Russian-Astronauts-Space-Station-496864181.html,coming years
https://www.nbcnewyork.com/news/national-international/US-Russian-Astronauts-Space-Station-496864181.html,Soviet cosmonauts Vladimir Titov
https://www.nbcnewyork.com/news/national-international/US-Russian-Astronauts-Space-Station-496864181.html,monopoly
https://www.nbcnewyork.com/news/national-international/US-Russian-Astronauts-Space-Station-496864181.html,time
https://www.teslarati.com/spacex-nasa-accidental-moon-race/,SpaceX
https://www.teslarati.com/spacex-nasa-accidental-moon-race/,NASA
https://www.teslarati.com/spacex-nasa-accidental-moon-race/,generation BFR
https://www.teslarati.com/spacex-nasa-accidental-moon-race/,Moon
https://www.teslarati.com/spacex-nasa-accidental-moon-race/,humans
https://www.teslarati.com/spacex-nasa-accidental-moon-race/,Shuttle
https://www.teslarati.com/spacex-nasa-accidental-moon-race/,unintentional race
https://www.teslarati.com/spacex-nasa-accidental-moon-race/,time
https://www.teslarati.com/spacex-nasa-accidental-moon-race/,chance
https://www.teslarati.com/spacex-nasa-accidental-moon-race/,century
https://www.nytimes.com/2018/09/17/science/spacex-moon-tourism-passenger.html,moon
https://www.nytimes.com/2018/09/17/science/spacex-moon-tourism-passenger.html,Yusaku Maezawa
https://www.nytimes.com/2018/09/17/science/spacex-moon-tourism-passenger.html,founder
https://www.nytimes.com/2018/09/17/science/spacex-moon-tourism-passenger.html,online Japanese clothing company Zozo
https://www.nytimes.com/2018/09/17/science/spacex-moon-tourism-passenger.html,evening
https://www.nytimes.com/2018/09/17/science/spacex-moon-tourism-passenger.html,customer
https://www.nytimes.com/2018/09/17/science/spacex-moon-tourism-passenger.html,Elon Musk
https://www.nytimes.com/2018/09/17/science/spacex-moon-tourism-passenger.html,voyage
https://www.nytimes.com/2018/09/17/science/spacex-moon-tourism-passenger.html,SpaceX rocket
https://www.theatlantic.com/science/archive/2018/09/spacex-moon-elon-musk-big-falcon-rocket/570544/,Yusaku Maezawa
https://www.theatlantic.com/science/archive/2018/09/spacex-moon-elon-musk-big-falcon-rocket/570544/,billionaire entrepreneur
https://www.theatlantic.com/science/archive/2018/09/spacex-moon-elon-musk-big-falcon-rocket/570544/,Japan
https://www.theatlantic.com/science/archive/2018/09/spacex-moon-elon-musk-big-falcon-rocket/570544/,trip
https://www.theatlantic.com/science/archive/2018/09/spacex-moon-elon-musk-big-falcon-rocket/570544/,night
https://www.theatlantic.com/science/archive/2018/09/spacex-moon-elon-musk-big-falcon-rocket/570544/,moon
https://www.theatlantic.com/science/archive/2018/09/spacex-moon-elon-musk-big-falcon-rocket/570544/,company’s
https://www.theatlantic.com/science/archive/2018/09/spacex-moon-elon-musk-big-falcon-rocket/570544/,SpaceX
https://www.theatlantic.com/science/archive/2018/09/spacex-moon-elon-musk-big-falcon-rocket/570544/,rocket
https://www.wired.com/story/spacex-is-about-to-launch-its-final-block-4-falcon/,SpaceX
https://www.wired.com/story/spacex-is-about-to-launch-its-final-block-4-falcon/,ultimate goal of rapid reusability
https://www.wired.com/story/spacex-is-about-to-launch-its-final-block-4-falcon/,single booster
https://www.wired.com/story/spacex-is-about-to-launch-its-final-block-4-falcon/,order
https://www.wired.com/story/spacex-is-about-to-launch-its-final-block-4-falcon/,Elon Musk
https://www.wired.com/story/spacex-is-about-to-launch-its-final-block-4-falcon/,hour time period
https://www.wired.com/story/spacex-is-about-to-launch-its-final-block-4-falcon/,promise
https://www.wired.com/story/spacex-is-about-to-launch-its-final-block-4-falcon/,year
https://money.cnn.com/2018/09/13/technology/spacex-moon-passenger-announcement/index.html,billionaire Elon Musk
https://money.cnn.com/2018/09/13/technology/spacex-moon-passenger-announcement/index.html,rocket firm
https://money.cnn.com/2018/09/13/technology/spacex-moon-passenger-announcement/index.html,news
https://money.cnn.com/2018/09/13/technology/spacex-moon-passenger-announcement/index.html,tourist
https://money.cnn.com/2018/09/13/technology/spacex-moon-passenger-announcement/index.html,moon
https://money.cnn.com/2018/09/13/technology/spacex-moon-passenger-announcement/index.html,person's identity
https://money.cnn.com/2018/09/13/technology/spacex-moon-passenger-announcement/index.html,event
https://money.cnn.com/2018/09/13/technology/spacex-moon-passenger-announcement/index.html,trip
https://money.cnn.com/2018/09/13/technology/spacex-moon-passenger-announcement/index.html,company
https://money.cnn.com/2018/09/13/technology/spacex-moon-passenger-announcement/index.html,evening
https://seekingalpha.com/article/4202394-maybe-elon-musk-take-spacex-public-instead,SpaceX’s private shareholders
https://seekingalpha.com/article/4202394-maybe-elon-musk-take-spacex-public-instead,Tesla’s failed attempt
https://seekingalpha.com/article/4202394-maybe-elon-musk-take-spacex-public-instead,valuation
https://seekingalpha.com/article/4202394-maybe-elon-musk-take-spacex-public-instead,economics of SpaceX
https://seekingalpha.com/article/4202394-maybe-elon-musk-take-spacex-public-instead,years
https://seekingalpha.com/article/4202394-maybe-elon-musk-take-spacex-public-instead,investment
https://www.cnet.com/news/spacex-successfully-retrieves-block-5-falcon-9-paving-way-for-another-relaunch-elon-musk/,Falcon
https://www.cnet.com/news/spacex-successfully-retrieves-block-5-falcon-9-paving-way-for-another-relaunch-elon-musk/,rocket
https://www.cnet.com/news/spacex-successfully-retrieves-block-5-falcon-9-paving-way-for-another-relaunch-elon-musk/,block
https://www.cnet.com/news/spacex-successfully-retrieves-block-5-falcon-9-paving-way-for-another-relaunch-elon-musk/,charm
https://www.cnet.com/news/spacex-successfully-retrieves-block-5-falcon-9-paving-way-for-another-relaunch-elon-musk/,expression
https://www.cnet.com/news/spacex-successfully-retrieves-block-5-falcon-9-paving-way-for-another-relaunch-elon-musk/,successful launch
https://www.cnet.com/news/spacex-successfully-retrieves-block-5-falcon-9-paving-way-for-another-relaunch-elon-musk/,times
https://www.cnet.com/news/spacex-successfully-retrieves-block-5-falcon-9-paving-way-for-another-relaunch-elon-musk/,failure
https://www.cnet.com/news/spacex-successfully-retrieves-block-5-falcon-9-paving-way-for-another-relaunch-elon-musk/,SpaceX
https://www.usatoday.com/story/tech/nation-now/2018/06/29/spacex-falcon-rocket-dragon-capsule-blast-off-robot-crew-member/744948002/,International Space Station
https://www.usatoday.com/story/tech/nation-now/2018/06/29/spacex-falcon-rocket-dragon-capsule-blast-off-robot-crew-member/744948002/,Cape Canaveral Air Force Station
https://www.usatoday.com/story/tech/nation-now/2018/06/29/spacex-falcon-rocket-dragon-capsule-blast-off-robot-crew-member/744948002/,launch
https://www.usatoday.com/story/tech/nation-now/2018/06/29/spacex-falcon-rocket-dragon-capsule-blast-off-robot-crew-member/744948002/,stunning pre-dawn
https://www.usatoday.com/story/tech/nation-now/2018/06/29/spacex-falcon-rocket-dragon-capsule-blast-off-robot-crew-member/744948002/,way
https://www.usatoday.com/story/tech/nation-now/2018/06/29/spacex-falcon-rocket-dragon-capsule-blast-off-robot-crew-member/744948002/,test of artificial intelligence
https://www.usatoday.com/story/tech/nation-now/2018/06/29/spacex-falcon-rocket-dragon-capsule-blast-off-robot-crew-member/744948002/,experiments
https://www.usatoday.com/story/tech/nation-now/2018/06/29/spacex-falcon-rocket-dragon-capsule-blast-off-robot-crew-member/744948002/,pounds of supplies
https://www.usatoday.com/story/tech/nation-now/2018/06/29/spacex-falcon-rocket-dragon-capsule-blast-off-robot-crew-member/744948002/,SpaceX
https://money.cnn.com/2018/05/10/technology/spacex-falcon-9-block-5-launch/index.html,NASA's Kennedy Space Center
https://money.cnn.com/2018/05/10/technology/spacex-falcon-9-block-5-launch/index.html,reusable Falcon
https://money.cnn.com/2018/05/10/technology/spacex-falcon-9-block-5-launch/index.html,plans
https://money.cnn.com/2018/05/10/technology/spacex-falcon-9-block-5-launch/index.html,newest version
https://money.cnn.com/2018/05/10/technology/spacex-falcon-9-block-5-launch/index.html,new rocket
https://money.cnn.com/2018/05/10/technology/spacex-falcon-9-block-5-launch/index.html,minute
https://money.cnn.com/2018/05/10/technology/spacex-falcon-9-block-5-launch/index.html,SpaceX
https://money.cnn.com/2018/05/10/technology/spacex-falcon-9-block-5-launch/index.html,astronauts
https://money.cnn.com/2018/05/10/technology/spacex-falcon-9-block-5-launch/index.html,company
http://www.latimes.com/business/la-fi-spacex-port-la-20180419-story.html,Los Angeles Board of Harbor Commissioners
http://www.latimes.com/business/la-fi-spacex-port-la-20180419-story.html,BFR rocket
http://www.latimes.com/business/la-fi-spacex-port-la-20180419-story.html,spaceship system
http://www.latimes.com/business/la-fi-spacex-port-la-20180419-story.html,SpaceX
http://www.latimes.com/business/la-fi-spacex-port-la-20180419-story.html,formal approval
http://www.latimes.com/business/la-fi-spacex-port-la-20180419-story.html,days
http://www.latimes.com/business/la-fi-spacex-port-la-20180419-story.html,facility
http://www.latimes.com/business/la-fi-spacex-port-la-20180419-story.html,Port of
http://www.latimes.com/business/la-fi-spacex-port-la-20180419-story.html,permit
http://www.latimes.com/business/la-fi-spacex-bfr-20180416-story.html,Los Angeles Mayor Eric Garcetti
http://www.latimes.com/business/la-fi-spacex-bfr-20180416-story.html,SpaceX
http://www.latimes.com/business/la-fi-spacex-bfr-20180416-story.html,spaceship system
http://www.latimes.com/business/la-fi-spacex-bfr-20180416-story.html,company's BFR rocket
http://www.latimes.com/business/la-fi-spacex-bfr-20180416-story.html,morning
http://www.latimes.com/business/la-fi-spacex-bfr-20180416-story.html,City address
http://www.latimes.com/business/la-fi-spacex-bfr-20180416-story.html,State
http://www.latimes.com/business/la-fi-spacex-bfr-20180416-story.html,facility
http://www.latimes.com/business/la-fi-spacex-bfr-20180416-story.html,tweet
https://www.orlandosentinel.com/news/space/os-bz-falcon-heavy-maiden-voyage-20180206-story.html,collaboration
https://www.orlandosentinel.com/news/space/os-bz-falcon-heavy-maiden-voyage-20180206-story.html,NASA
https://www.orlandosentinel.com/news/space/os-bz-falcon-heavy-maiden-voyage-20180206-story.html,GFZ
https://www.orlandosentinel.com/news/space/os-bz-falcon-heavy-maiden-voyage-20180206-story.html,Vandenberg Air Force Base
https://www.orlandosentinel.com/news/space/os-bz-falcon-heavy-maiden-voyage-20180206-story.html,Gravity Recovery
https://www.orlandosentinel.com/news/space/os-bz-falcon-heavy-maiden-voyage-20180206-story.html,Climate Experiment Follow-on
https://www.orlandosentinel.com/news/space/os-bz-falcon-heavy-maiden-voyage-20180206-story.html,German Research Centre
https://www.orlandosentinel.com/news/space/os-bz-falcon-heavy-maiden-voyage-20180206-story.html,Geosciences
https://www.orlandosentinel.com/news/space/os-bz-falcon-heavy-maiden-voyage-20180206-story.html,California's Central Coast
https://www.usatoday.com/story/news/nation-now/2017/05/15/spacex-launch-falcon-9-satellite-monday/322739001/,story rocket
https://www.usatoday.com/story/news/nation-now/2017/05/15/spacex-launch-falcon-9-satellite-monday/322739001/,company's
https://www.usatoday.com/story/news/nation-now/2017/05/15/spacex-launch-falcon-9-satellite-monday/322739001/,blastoff
https://www.usatoday.com/story/news/nation-now/2017/05/15/spacex-launch-falcon-9-satellite-monday/322739001/,Kennedy Space Center
https://www.usatoday.com/story/news/nation-now/2017/05/15/spacex-launch-falcon-9-satellite-monday/322739001/,SpaceX Falcon
https://www.usatoday.com/story/news/nation-now/2017/05/15/spacex-launch-falcon-9-satellite-monday/322739001/,heaviest satellite
https://www.usatoday.com/story/news/nation-now/2017/05/15/spacex-launch-falcon-9-satellite-monday/322739001/,launch attempt
https://www.usatoday.com/story/news/nation-now/2017/05/15/spacex-launch-falcon-9-satellite-monday/322739001/,evening
https://www.usatoday.com/story/news/nation-now/2017/05/15/spacex-launch-falcon-9-satellite-monday/322739001/,weeks
https://www.space.com/10829-spacex-tesla-motors-open-house.html,SpaceX
https://www.space.com/10829-spacex-tesla-motors-open-house.html,Denise Chow WASHINGTON
https://www.space.com/10829-spacex-tesla-motors-open-house.html,Commercial spaceflight company Space Exploration Technologies
https://www.space.com/10829-spacex-tesla-motors-open-house.html,company's flown Dragon space capsule
https://www.space.com/10829-spacex-tesla-motors-open-house.html,event
https://www.space.com/10829-spacex-tesla-motors-open-house.html,Tesla Motors
https://www.space.com/10829-spacex-tesla-motors-open-house.html,Credit
https://spacenews.com/leosat-diet/,Thales Alenia Space MOUNTAIN VIEW
https://spacenews.com/leosat-diet/,California
https://spacenews.com/leosat-diet/,partners Hispasat of Spain
https://spacenews.com/leosat-diet/,Credit
https://spacenews.com/leosat-diet/,Sky Perfect Jsat
https://spacenews.com/leosat-diet/,LeoSat
https://spacenews.com/leosat-diet/,spacecraft design
https://www.fool.com/investing/2017/08/19/how-to-invest-in-spacex-stock-theres-just-1-way.aspx,subsidiary Alexa
https://www.fool.com/investing/2017/08/19/how-to-invest-in-spacex-stock-theres-just-1-way.aspx,piece of SpaceX
https://www.fool.com/investing/2017/08/19/how-to-invest-in-spacex-stock-theres-just-1-way.aspx,SpaceX stock
https://www.fool.com/investing/2017/08/19/how-to-invest-in-spacex-stock-theres-just-1-way.aspx,competitive intelligence tools
https://www.fool.com/investing/2017/08/19/how-to-invest-in-spacex-stock-theres-just-1-way.aspx,AMZN
https://www.fool.com/investing/2017/08/19/how-to-invest-in-spacex-stock-theres-just-1-way.aspx,NASDAQ
https://www.fool.com/investing/2017/08/19/how-to-invest-in-spacex-stock-theres-just-1-way.aspx,article
https://www.space.com/41494-spacex-crew-dragon-spaceship-inside-look.html,up-close look
https://www.space.com/41494-spacex-crew-dragon-spaceship-inside-look.html,SpaceX's new astronaut taxi
https://www.space.com/41494-spacex-crew-dragon-spaceship-inside-look.html,headquarters
https://www.space.com/41494-spacex-crew-dragon-spaceship-inside-look.html,Crew Dragon capsule
https://www.space.com/41494-spacex-crew-dragon-spaceship-inside-look.html,Southern California
https://www.space.com/41494-spacex-crew-dragon-spaceship-inside-look.html,sleek flying machine
https://www.space.com/41494-spacex-crew-dragon-spaceship-inside-look.html,invited journalists
https://www.space.com/41494-spacex-crew-dragon-spaceship-inside-look.html,company
https://www.space.com/41494-spacex-crew-dragon-spaceship-inside-look.html,HAWTHORNE
https://www.fool.com/investing/2017/02/05/how-profitable-is-spacex-really.aspx,kind of knocked SpaceX
https://www.fool.com/investing/2017/02/05/how-profitable-is-spacex-really.aspx,rails
https://www.fool.com/investing/2017/02/05/how-profitable-is-spacex-really.aspx,lot of time
https://www.fool.com/investing/2017/02/05/how-profitable-is-spacex-really.aspx,big SpaceXplosion
https://www.fool.com/investing/2017/02/05/how-profitable-is-spacex-really.aspx,SpaceX's finances
https://www.fool.com/investing/2017/02/05/how-profitable-is-spacex-really.aspx,year
https://www.fool.com/investing/2017/02/05/how-profitable-is-spacex-really.aspx,question
https://www.fool.com/investing/2017/02/05/how-profitable-is-spacex-really.aspx,money
